cod_indicatore,indicatore,sesso,territorio,livello,anno,valore,unita_misura,fonte
02IST001,Partecipazione al sistema scolastico dei bambini di 4-5 anni,Totale,Emilia-Romagna,regione,2013,94,Valori percentuali,Istat - Elaborazione su dati Ministero dell'Istruzione e del Merito
02IST001,Partecipazione al sistema scolastico dei bambini di 4-5 anni,Totale,Emilia-Romagna,regione,2014,92.8,Valori percentuali,Istat - Elaborazione su dati Ministero dell'Istruzione e del Merito
02IST001,Partecipazione al sistema scolastico dei bambini di 4-5 anni,Totale,Emilia-Romagna,regione,2015,92.8,Valori percentuali,Istat - Elaborazione su dati Ministero dell'Istruzione e del Merito
02IST001,Partecipazione al sistema scolastico dei bambini di 4-5 anni,Totale,Emilia-Romagna,regione,2016,92.7,Valori percentuali,Istat - Elaborazione su dati Ministero dell'Istruzione e del Merito
02IST001,Partecipazione al sistema scolastico dei bambini di 4-5 anni,Totale,Emilia-Romagna,regione,2017,93.6,Valori percentuali,Istat - Elaborazione su dati Ministero dell'Istruzione e del Merito
02IST001,Partecipazione al sistema scolastico dei bambini di 4-5 anni,Totale,Emilia-Romagna,regione,2018,93.5,Valori percentuali,Istat - Elaborazione su dati Ministero dell'Istruzione e del Merito
02IST001,Partecipazione al sistema scolastico dei bambini di 4-5 anni,Totale,Emilia-Romagna,regione,2019,93.5,Valori percentuali,Istat - Elaborazione su dati Ministero dell'Istruzione e del Merito
02IST001,Partecipazione al sistema scolastico dei bambini di 4-5 anni,Totale,Emilia-Romagna,regione,2020,93.6,Valori percentuali,Istat - Elaborazione su dati Ministero dell'Istruzione e del Merito
02IST001,Partecipazione al sistema scolastico dei bambini di 4-5 anni,Totale,Emilia-Romagna,regione,2021,91.1,Valori percentuali,Istat - Elaborazione su dati Ministero dell'Istruzione e del Merito
02IST001,Partecipazione al sistema scolastico dei bambini di 4-5 anni,Totale,Emilia-Romagna,regione,2022,92.7,Valori percentuali,Istat - Elaborazione su dati Ministero dell'Istruzione e del Merito
02IST001,Partecipazione al sistema scolastico dei bambini di 4-5 anni,Totale,Emilia-Romagna,regione,2023,94,Valori percentuali,Istat - Elaborazione su dati Ministero dell'Istruzione e del Merito
02IST001,Partecipazione al sistema scolastico dei bambini di 4-5 anni,Totale,Piacenza,provincia,2013,93.5,Valori percentuali,Istat - Elaborazione su dati Ministero dell'Istruzione e del Merito
02IST001,Partecipazione al sistema scolastico dei bambini di 4-5 anni,Totale,Piacenza,provincia,2014,92.1,Valori percentuali,Istat - Elaborazione su dati Ministero dell'Istruzione e del Merito
02IST001,Partecipazione al sistema scolastico dei bambini di 4-5 anni,Totale,Piacenza,provincia,2015,92.1,Valori percentuali,Istat - Elaborazione su dati Ministero dell'Istruzione e del Merito
02IST001,Partecipazione al sistema scolastico dei bambini di 4-5 anni,Totale,Piacenza,provincia,2016,93.3,Valori percentuali,Istat - Elaborazione su dati Ministero dell'Istruzione e del Merito
02IST001,Partecipazione al sistema scolastico dei bambini di 4-5 anni,Totale,Piacenza,provincia,2017,94.1,Valori percentuali,Istat - Elaborazione su dati Ministero dell'Istruzione e del Merito
02IST001,Partecipazione al sistema scolastico dei bambini di 4-5 anni,Totale,Piacenza,provincia,2018,94.1,Valori percentuali,Istat - Elaborazione su dati Ministero dell'Istruzione e del Merito
02IST001,Partecipazione al sistema scolastico dei bambini di 4-5 anni,Totale,Piacenza,provincia,2019,93.3,Valori percentuali,Istat - Elaborazione su dati Ministero dell'Istruzione e del Merito
02IST001,Partecipazione al sistema scolastico dei bambini di 4-5 anni,Totale,Piacenza,provincia,2020,92.5,Valori percentuali,Istat - Elaborazione su dati Ministero dell'Istruzione e del Merito
02IST001,Partecipazione al sistema scolastico dei bambini di 4-5 anni,Totale,Piacenza,provincia,2021,90.1,Valori percentuali,Istat - Elaborazione su dati Ministero dell'Istruzione e del Merito
02IST001,Partecipazione al sistema scolastico dei bambini di 4-5 anni,Totale,Piacenza,provincia,2022,91.9,Valori percentuali,Istat - Elaborazione su dati Ministero dell'Istruzione e del Merito
02IST001,Partecipazione al sistema scolastico dei bambini di 4-5 anni,Totale,Piacenza,provincia,2023,93.3,Valori percentuali,Istat - Elaborazione su dati Ministero dell'Istruzione e del Merito
02IST001,Partecipazione al sistema scolastico dei bambini di 4-5 anni,Totale,Parma,provincia,2013,91.5,Valori percentuali,Istat - Elaborazione su dati Ministero dell'Istruzione e del Merito
02IST001,Partecipazione al sistema scolastico dei bambini di 4-5 anni,Totale,Parma,provincia,2014,89,Valori percentuali,Istat - Elaborazione su dati Ministero dell'Istruzione e del Merito
02IST001,Partecipazione al sistema scolastico dei bambini di 4-5 anni,Totale,Parma,provincia,2015,89.5,Valori percentuali,Istat - Elaborazione su dati Ministero dell'Istruzione e del Merito
02IST001,Partecipazione al sistema scolastico dei bambini di 4-5 anni,Totale,Parma,provincia,2016,89.3,Valori percentuali,Istat - Elaborazione su dati Ministero dell'Istruzione e del Merito
02IST001,Partecipazione al sistema scolastico dei bambini di 4-5 anni,Totale,Parma,provincia,2017,88.8,Valori percentuali,Istat - Elaborazione su dati Ministero dell'Istruzione e del Merito
02IST001,Partecipazione al sistema scolastico dei bambini di 4-5 anni,Totale,Parma,provincia,2018,89.2,Valori percentuali,Istat - Elaborazione su dati Ministero dell'Istruzione e del Merito
02IST001,Partecipazione al sistema scolastico dei bambini di 4-5 anni,Totale,Parma,provincia,2019,88.8,Valori percentuali,Istat - Elaborazione su dati Ministero dell'Istruzione e del Merito
02IST001,Partecipazione al sistema scolastico dei bambini di 4-5 anni,Totale,Parma,provincia,2020,89.8,Valori percentuali,Istat - Elaborazione su dati Ministero dell'Istruzione e del Merito
02IST001,Partecipazione al sistema scolastico dei bambini di 4-5 anni,Totale,Parma,provincia,2021,86.3,Valori percentuali,Istat - Elaborazione su dati Ministero dell'Istruzione e del Merito
02IST001,Partecipazione al sistema scolastico dei bambini di 4-5 anni,Totale,Parma,provincia,2022,88.3,Valori percentuali,Istat - Elaborazione su dati Ministero dell'Istruzione e del Merito
02IST001,Partecipazione al sistema scolastico dei bambini di 4-5 anni,Totale,Parma,provincia,2023,89.3,Valori percentuali,Istat - Elaborazione su dati Ministero dell'Istruzione e del Merito
02IST001,Partecipazione al sistema scolastico dei bambini di 4-5 anni,Totale,Reggio nell'Emilia,provincia,2013,89.9,Valori percentuali,Istat - Elaborazione su dati Ministero dell'Istruzione e del Merito
02IST001,Partecipazione al sistema scolastico dei bambini di 4-5 anni,Totale,Reggio nell'Emilia,provincia,2014,88.6,Valori percentuali,Istat - Elaborazione su dati Ministero dell'Istruzione e del Merito
02IST001,Partecipazione al sistema scolastico dei bambini di 4-5 anni,Totale,Reggio nell'Emilia,provincia,2015,89,Valori percentuali,Istat - Elaborazione su dati Ministero dell'Istruzione e del Merito
02IST001,Partecipazione al sistema scolastico dei bambini di 4-5 anni,Totale,Reggio nell'Emilia,provincia,2016,90.1,Valori percentuali,Istat - Elaborazione su dati Ministero dell'Istruzione e del Merito
02IST001,Partecipazione al sistema scolastico dei bambini di 4-5 anni,Totale,Reggio nell'Emilia,provincia,2017,90.5,Valori percentuali,Istat - Elaborazione su dati Ministero dell'Istruzione e del Merito
02IST001,Partecipazione al sistema scolastico dei bambini di 4-5 anni,Totale,Reggio nell'Emilia,provincia,2018,90.9,Valori percentuali,Istat - Elaborazione su dati Ministero dell'Istruzione e del Merito
02IST001,Partecipazione al sistema scolastico dei bambini di 4-5 anni,Totale,Reggio nell'Emilia,provincia,2019,91.5,Valori percentuali,Istat - Elaborazione su dati Ministero dell'Istruzione e del Merito
02IST001,Partecipazione al sistema scolastico dei bambini di 4-5 anni,Totale,Reggio nell'Emilia,provincia,2020,92.5,Valori percentuali,Istat - Elaborazione su dati Ministero dell'Istruzione e del Merito
02IST001,Partecipazione al sistema scolastico dei bambini di 4-5 anni,Totale,Reggio nell'Emilia,provincia,2021,88.7,Valori percentuali,Istat - Elaborazione su dati Ministero dell'Istruzione e del Merito
02IST001,Partecipazione al sistema scolastico dei bambini di 4-5 anni,Totale,Reggio nell'Emilia,provincia,2022,90.9,Valori percentuali,Istat - Elaborazione su dati Ministero dell'Istruzione e del Merito
02IST001,Partecipazione al sistema scolastico dei bambini di 4-5 anni,Totale,Reggio nell'Emilia,provincia,2023,93.2,Valori percentuali,Istat - Elaborazione su dati Ministero dell'Istruzione e del Merito
02IST001,Partecipazione al sistema scolastico dei bambini di 4-5 anni,Totale,Modena,provincia,2013,93,Valori percentuali,Istat - Elaborazione su dati Ministero dell'Istruzione e del Merito
02IST001,Partecipazione al sistema scolastico dei bambini di 4-5 anni,Totale,Modena,provincia,2014,91.9,Valori percentuali,Istat - Elaborazione su dati Ministero dell'Istruzione e del Merito
02IST001,Partecipazione al sistema scolastico dei bambini di 4-5 anni,Totale,Modena,provincia,2015,91.6,Valori percentuali,Istat - Elaborazione su dati Ministero dell'Istruzione e del Merito
02IST001,Partecipazione al sistema scolastico dei bambini di 4-5 anni,Totale,Modena,provincia,2016,93.1,Valori percentuali,Istat - Elaborazione su dati Ministero dell'Istruzione e del Merito
02IST001,Partecipazione al sistema scolastico dei bambini di 4-5 anni,Totale,Modena,provincia,2017,93.2,Valori percentuali,Istat - Elaborazione su dati Ministero dell'Istruzione e del Merito
02IST001,Partecipazione al sistema scolastico dei bambini di 4-5 anni,Totale,Modena,provincia,2018,93.8,Valori percentuali,Istat - Elaborazione su dati Ministero dell'Istruzione e del Merito
02IST001,Partecipazione al sistema scolastico dei bambini di 4-5 anni,Totale,Modena,provincia,2019,94.1,Valori percentuali,Istat - Elaborazione su dati Ministero dell'Istruzione e del Merito
02IST001,Partecipazione al sistema scolastico dei bambini di 4-5 anni,Totale,Modena,provincia,2020,95.2,Valori percentuali,Istat - Elaborazione su dati Ministero dell'Istruzione e del Merito
02IST001,Partecipazione al sistema scolastico dei bambini di 4-5 anni,Totale,Modena,provincia,2021,92.3,Valori percentuali,Istat - Elaborazione su dati Ministero dell'Istruzione e del Merito
02IST001,Partecipazione al sistema scolastico dei bambini di 4-5 anni,Totale,Modena,provincia,2022,93.2,Valori percentuali,Istat - Elaborazione su dati Ministero dell'Istruzione e del Merito
02IST001,Partecipazione al sistema scolastico dei bambini di 4-5 anni,Totale,Modena,provincia,2023,94.9,Valori percentuali,Istat - Elaborazione su dati Ministero dell'Istruzione e del Merito
02IST001,Partecipazione al sistema scolastico dei bambini di 4-5 anni,Totale,Bologna,provincia,2013,96,Valori percentuali,Istat - Elaborazione su dati Ministero dell'Istruzione e del Merito
02IST001,Partecipazione al sistema scolastico dei bambini di 4-5 anni,Totale,Bologna,provincia,2014,95.1,Valori percentuali,Istat - Elaborazione su dati Ministero dell'Istruzione e del Merito
02IST001,Partecipazione al sistema scolastico dei bambini di 4-5 anni,Totale,Bologna,provincia,2015,95.1,Valori percentuali,Istat - Elaborazione su dati Ministero dell'Istruzione e del Merito
02IST001,Partecipazione al sistema scolastico dei bambini di 4-5 anni,Totale,Bologna,provincia,2016,95.2,Valori percentuali,Istat - Elaborazione su dati Ministero dell'Istruzione e del Merito
02IST001,Partecipazione al sistema scolastico dei bambini di 4-5 anni,Totale,Bologna,provincia,2017,95.8,Valori percentuali,Istat - Elaborazione su dati Ministero dell'Istruzione e del Merito
02IST001,Partecipazione al sistema scolastico dei bambini di 4-5 anni,Totale,Bologna,provincia,2018,94.4,Valori percentuali,Istat - Elaborazione su dati Ministero dell'Istruzione e del Merito
02IST001,Partecipazione al sistema scolastico dei bambini di 4-5 anni,Totale,Bologna,provincia,2019,94.4,Valori percentuali,Istat - Elaborazione su dati Ministero dell'Istruzione e del Merito
02IST001,Partecipazione al sistema scolastico dei bambini di 4-5 anni,Totale,Bologna,provincia,2020,94,Valori percentuali,Istat - Elaborazione su dati Ministero dell'Istruzione e del Merito
02IST001,Partecipazione al sistema scolastico dei bambini di 4-5 anni,Totale,Bologna,provincia,2021,93.6,Valori percentuali,Istat - Elaborazione su dati Ministero dell'Istruzione e del Merito
02IST001,Partecipazione al sistema scolastico dei bambini di 4-5 anni,Totale,Bologna,provincia,2022,94.3,Valori percentuali,Istat - Elaborazione su dati Ministero dell'Istruzione e del Merito
02IST001,Partecipazione al sistema scolastico dei bambini di 4-5 anni,Totale,Bologna,provincia,2023,95,Valori percentuali,Istat - Elaborazione su dati Ministero dell'Istruzione e del Merito
02IST001,Partecipazione al sistema scolastico dei bambini di 4-5 anni,Totale,Ferrara,provincia,2013,94.5,Valori percentuali,Istat - Elaborazione su dati Ministero dell'Istruzione e del Merito
02IST001,Partecipazione al sistema scolastico dei bambini di 4-5 anni,Totale,Ferrara,provincia,2014,92.6,Valori percentuali,Istat - Elaborazione su dati Ministero dell'Istruzione e del Merito
02IST001,Partecipazione al sistema scolastico dei bambini di 4-5 anni,Totale,Ferrara,provincia,2015,89.5,Valori percentuali,Istat - Elaborazione su dati Ministero dell'Istruzione e del Merito
02IST001,Partecipazione al sistema scolastico dei bambini di 4-5 anni,Totale,Ferrara,provincia,2016,90.5,Valori percentuali,Istat - Elaborazione su dati Ministero dell'Istruzione e del Merito
02IST001,Partecipazione al sistema scolastico dei bambini di 4-5 anni,Totale,Ferrara,provincia,2017,93.1,Valori percentuali,Istat - Elaborazione su dati Ministero dell'Istruzione e del Merito
02IST001,Partecipazione al sistema scolastico dei bambini di 4-5 anni,Totale,Ferrara,provincia,2018,93.7,Valori percentuali,Istat - Elaborazione su dati Ministero dell'Istruzione e del Merito
02IST001,Partecipazione al sistema scolastico dei bambini di 4-5 anni,Totale,Ferrara,provincia,2019,94.5,Valori percentuali,Istat - Elaborazione su dati Ministero dell'Istruzione e del Merito
02IST001,Partecipazione al sistema scolastico dei bambini di 4-5 anni,Totale,Ferrara,provincia,2020,93.6,Valori percentuali,Istat - Elaborazione su dati Ministero dell'Istruzione e del Merito
02IST001,Partecipazione al sistema scolastico dei bambini di 4-5 anni,Totale,Ferrara,provincia,2021,90.1,Valori percentuali,Istat - Elaborazione su dati Ministero dell'Istruzione e del Merito
02IST001,Partecipazione al sistema scolastico dei bambini di 4-5 anni,Totale,Ferrara,provincia,2022,91.8,Valori percentuali,Istat - Elaborazione su dati Ministero dell'Istruzione e del Merito
02IST001,Partecipazione al sistema scolastico dei bambini di 4-5 anni,Totale,Ferrara,provincia,2023,92.4,Valori percentuali,Istat - Elaborazione su dati Ministero dell'Istruzione e del Merito
02IST001,Partecipazione al sistema scolastico dei bambini di 4-5 anni,Totale,Ravenna,provincia,2013,95.1,Valori percentuali,Istat - Elaborazione su dati Ministero dell'Istruzione e del Merito
02IST001,Partecipazione al sistema scolastico dei bambini di 4-5 anni,Totale,Ravenna,provincia,2014,95.4,Valori percentuali,Istat - Elaborazione su dati Ministero dell'Istruzione e del Merito
02IST001,Partecipazione al sistema scolastico dei bambini di 4-5 anni,Totale,Ravenna,provincia,2015,95.5,Valori percentuali,Istat - Elaborazione su dati Ministero dell'Istruzione e del Merito
02IST001,Partecipazione al sistema scolastico dei bambini di 4-5 anni,Totale,Ravenna,provincia,2016,95,Valori percentuali,Istat - Elaborazione su dati Ministero dell'Istruzione e del Merito
02IST001,Partecipazione al sistema scolastico dei bambini di 4-5 anni,Totale,Ravenna,provincia,2017,94.9,Valori percentuali,Istat - Elaborazione su dati Ministero dell'Istruzione e del Merito
02IST001,Partecipazione al sistema scolastico dei bambini di 4-5 anni,Totale,Ravenna,provincia,2018,95.5,Valori percentuali,Istat - Elaborazione su dati Ministero dell'Istruzione e del Merito
02IST001,Partecipazione al sistema scolastico dei bambini di 4-5 anni,Totale,Ravenna,provincia,2019,95.7,Valori percentuali,Istat - Elaborazione su dati Ministero dell'Istruzione e del Merito
02IST001,Partecipazione al sistema scolastico dei bambini di 4-5 anni,Totale,Ravenna,provincia,2020,95.4,Valori percentuali,Istat - Elaborazione su dati Ministero dell'Istruzione e del Merito
02IST001,Partecipazione al sistema scolastico dei bambini di 4-5 anni,Totale,Ravenna,provincia,2021,93,Valori percentuali,Istat - Elaborazione su dati Ministero dell'Istruzione e del Merito
02IST001,Partecipazione al sistema scolastico dei bambini di 4-5 anni,Totale,Ravenna,provincia,2022,95.3,Valori percentuali,Istat - Elaborazione su dati Ministero dell'Istruzione e del Merito
02IST001,Partecipazione al sistema scolastico dei bambini di 4-5 anni,Totale,Ravenna,provincia,2023,96.2,Valori percentuali,Istat - Elaborazione su dati Ministero dell'Istruzione e del Merito
02IST001,Partecipazione al sistema scolastico dei bambini di 4-5 anni,Totale,Forlì-Cesena,provincia,2013,96.1,Valori percentuali,Istat - Elaborazione su dati Ministero dell'Istruzione e del Merito
02IST001,Partecipazione al sistema scolastico dei bambini di 4-5 anni,Totale,Forlì-Cesena,provincia,2014,94.8,Valori percentuali,Istat - Elaborazione su dati Ministero dell'Istruzione e del Merito
02IST001,Partecipazione al sistema scolastico dei bambini di 4-5 anni,Totale,Forlì-Cesena,provincia,2015,95.8,Valori percentuali,Istat - Elaborazione su dati Ministero dell'Istruzione e del Merito
02IST001,Partecipazione al sistema scolastico dei bambini di 4-5 anni,Totale,Forlì-Cesena,provincia,2016,96.2,Valori percentuali,Istat - Elaborazione su dati Ministero dell'Istruzione e del Merito
02IST001,Partecipazione al sistema scolastico dei bambini di 4-5 anni,Totale,Forlì-Cesena,provincia,2017,96,Valori percentuali,Istat - Elaborazione su dati Ministero dell'Istruzione e del Merito
02IST001,Partecipazione al sistema scolastico dei bambini di 4-5 anni,Totale,Forlì-Cesena,provincia,2018,95.5,Valori percentuali,Istat - Elaborazione su dati Ministero dell'Istruzione e del Merito
02IST001,Partecipazione al sistema scolastico dei bambini di 4-5 anni,Totale,Forlì-Cesena,provincia,2019,95.9,Valori percentuali,Istat - Elaborazione su dati Ministero dell'Istruzione e del Merito
02IST001,Partecipazione al sistema scolastico dei bambini di 4-5 anni,Totale,Forlì-Cesena,provincia,2020,95.1,Valori percentuali,Istat - Elaborazione su dati Ministero dell'Istruzione e del Merito
02IST001,Partecipazione al sistema scolastico dei bambini di 4-5 anni,Totale,Forlì-Cesena,provincia,2021,92.8,Valori percentuali,Istat - Elaborazione su dati Ministero dell'Istruzione e del Merito
02IST001,Partecipazione al sistema scolastico dei bambini di 4-5 anni,Totale,Forlì-Cesena,provincia,2022,94.5,Valori percentuali,Istat - Elaborazione su dati Ministero dell'Istruzione e del Merito
02IST001,Partecipazione al sistema scolastico dei bambini di 4-5 anni,Totale,Forlì-Cesena,provincia,2023,96.3,Valori percentuali,Istat - Elaborazione su dati Ministero dell'Istruzione e del Merito
02IST001,Partecipazione al sistema scolastico dei bambini di 4-5 anni,Totale,Rimini,provincia,2013,96.8,Valori percentuali,Istat - Elaborazione su dati Ministero dell'Istruzione e del Merito
02IST001,Partecipazione al sistema scolastico dei bambini di 4-5 anni,Totale,Rimini,provincia,2014,96.4,Valori percentuali,Istat - Elaborazione su dati Ministero dell'Istruzione e del Merito
02IST001,Partecipazione al sistema scolastico dei bambini di 4-5 anni,Totale,Rimini,provincia,2015,96.5,Valori percentuali,Istat - Elaborazione su dati Ministero dell'Istruzione e del Merito
02IST001,Partecipazione al sistema scolastico dei bambini di 4-5 anni,Totale,Rimini,provincia,2016,88.7,Valori percentuali,Istat - Elaborazione su dati Ministero dell'Istruzione e del Merito
02IST001,Partecipazione al sistema scolastico dei bambini di 4-5 anni,Totale,Rimini,provincia,2017,95.3,Valori percentuali,Istat - Elaborazione su dati Ministero dell'Istruzione e del Merito
02IST001,Partecipazione al sistema scolastico dei bambini di 4-5 anni,Totale,Rimini,provincia,2018,95.3,Valori percentuali,Istat - Elaborazione su dati Ministero dell'Istruzione e del Merito
02IST001,Partecipazione al sistema scolastico dei bambini di 4-5 anni,Totale,Rimini,provincia,2019,94.4,Valori percentuali,Istat - Elaborazione su dati Ministero dell'Istruzione e del Merito
02IST001,Partecipazione al sistema scolastico dei bambini di 4-5 anni,Totale,Rimini,provincia,2020,92.9,Valori percentuali,Istat - Elaborazione su dati Ministero dell'Istruzione e del Merito
02IST001,Partecipazione al sistema scolastico dei bambini di 4-5 anni,Totale,Rimini,provincia,2021,90.1,Valori percentuali,Istat - Elaborazione su dati Ministero dell'Istruzione e del Merito
02IST001,Partecipazione al sistema scolastico dei bambini di 4-5 anni,Totale,Rimini,provincia,2022,92.4,Valori percentuali,Istat - Elaborazione su dati Ministero dell'Istruzione e del Merito
02IST001,Partecipazione al sistema scolastico dei bambini di 4-5 anni,Totale,Rimini,provincia,2023,93.2,Valori percentuali,Istat - Elaborazione su dati Ministero dell'Istruzione e del Merito
02IST001,Partecipazione al sistema scolastico dei bambini di 4-5 anni,Totale,Nord-est,ripartizione,2013,95.4,Valori percentuali,Istat - Elaborazione su dati Ministero dell'Istruzione e del Merito
02IST001,Partecipazione al sistema scolastico dei bambini di 4-5 anni,Totale,Nord-est,ripartizione,2014,94.6,Valori percentuali,Istat - Elaborazione su dati Ministero dell'Istruzione e del Merito
02IST001,Partecipazione al sistema scolastico dei bambini di 4-5 anni,Totale,Nord-est,ripartizione,2015,94.5,Valori percentuali,Istat - Elaborazione su dati Ministero dell'Istruzione e del Merito
02IST001,Partecipazione al sistema scolastico dei bambini di 4-5 anni,Totale,Nord-est,ripartizione,2016,94.6,Valori percentuali,Istat - Elaborazione su dati Ministero dell'Istruzione e del Merito
02IST001,Partecipazione al sistema scolastico dei bambini di 4-5 anni,Totale,Nord-est,ripartizione,2017,94.9,Valori percentuali,Istat - Elaborazione su dati Ministero dell'Istruzione e del Merito
02IST001,Partecipazione al sistema scolastico dei bambini di 4-5 anni,Totale,Nord-est,ripartizione,2018,94.9,Valori percentuali,Istat - Elaborazione su dati Ministero dell'Istruzione e del Merito
02IST001,Partecipazione al sistema scolastico dei bambini di 4-5 anni,Totale,Nord-est,ripartizione,2019,94.6,Valori percentuali,Istat - Elaborazione su dati Ministero dell'Istruzione e del Merito
02IST001,Partecipazione al sistema scolastico dei bambini di 4-5 anni,Totale,Nord-est,ripartizione,2020,94.4,Valori percentuali,Istat - Elaborazione su dati Ministero dell'Istruzione e del Merito
02IST001,Partecipazione al sistema scolastico dei bambini di 4-5 anni,Totale,Nord-est,ripartizione,2021,91.7,Valori percentuali,Istat - Elaborazione su dati Ministero dell'Istruzione e del Merito
02IST001,Partecipazione al sistema scolastico dei bambini di 4-5 anni,Totale,Nord-est,ripartizione,2022,93.1,Valori percentuali,Istat - Elaborazione su dati Ministero dell'Istruzione e del Merito
02IST001,Partecipazione al sistema scolastico dei bambini di 4-5 anni,Totale,Nord-est,ripartizione,2023,94.1,Valori percentuali,Istat - Elaborazione su dati Ministero dell'Istruzione e del Merito
02IST001,Partecipazione al sistema scolastico dei bambini di 4-5 anni,Totale,Italia,italia,2013,97.9,Valori percentuali,Istat - Elaborazione su dati Ministero dell'Istruzione e del Merito
02IST001,Partecipazione al sistema scolastico dei bambini di 4-5 anni,Totale,Italia,italia,2014,97.4,Valori percentuali,Istat - Elaborazione su dati Ministero dell'Istruzione e del Merito
02IST001,Partecipazione al sistema scolastico dei bambini di 4-5 anni,Totale,Italia,italia,2015,97.2,Valori percentuali,Istat - Elaborazione su dati Ministero dell'Istruzione e del Merito
02IST001,Partecipazione al sistema scolastico dei bambini di 4-5 anni,Totale,Italia,italia,2016,97.3,Valori percentuali,Istat - Elaborazione su dati Ministero dell'Istruzione e del Merito
02IST001,Partecipazione al sistema scolastico dei bambini di 4-5 anni,Totale,Italia,italia,2017,96.1,Valori percentuali,Istat - Elaborazione su dati Ministero dell'Istruzione e del Merito
02IST001,Partecipazione al sistema scolastico dei bambini di 4-5 anni,Totale,Italia,italia,2018,95.8,Valori percentuali,Istat - Elaborazione su dati Ministero dell'Istruzione e del Merito
02IST001,Partecipazione al sistema scolastico dei bambini di 4-5 anni,Totale,Italia,italia,2019,96,Valori percentuali,Istat - Elaborazione su dati Ministero dell'Istruzione e del Merito
02IST001,Partecipazione al sistema scolastico dei bambini di 4-5 anni,Totale,Italia,italia,2020,95.9,Valori percentuali,Istat - Elaborazione su dati Ministero dell'Istruzione e del Merito
02IST001,Partecipazione al sistema scolastico dei bambini di 4-5 anni,Totale,Italia,italia,2021,92.8,Valori percentuali,Istat - Elaborazione su dati Ministero dell'Istruzione e del Merito
02IST001,Partecipazione al sistema scolastico dei bambini di 4-5 anni,Totale,Italia,italia,2022,94,Valori percentuali,Istat - Elaborazione su dati Ministero dell'Istruzione e del Merito
02IST001,Partecipazione al sistema scolastico dei bambini di 4-5 anni,Totale,Italia,italia,2023,94.7,Valori percentuali,Istat - Elaborazione su dati Ministero dell'Istruzione e del Merito
02IST002-N22,Persone con almeno il diploma (25-64 anni),Totale,Emilia-Romagna,regione,2018,68.2,Valori percentuali,Istat - Rilevazione sulle Forze di lavoro
02IST002-N22,Persone con almeno il diploma (25-64 anni),Totale,Emilia-Romagna,regione,2019,69.1,Valori percentuali,Istat - Rilevazione sulle Forze di lavoro
02IST002-N22,Persone con almeno il diploma (25-64 anni),Totale,Emilia-Romagna,regione,2020,68.9,Valori percentuali,Istat - Rilevazione sulle Forze di lavoro
02IST002-N22,Persone con almeno il diploma (25-64 anni),Totale,Emilia-Romagna,regione,2021,68.7,Valori percentuali,Istat - Rilevazione sulle Forze di lavoro
02IST002-N22,Persone con almeno il diploma (25-64 anni),Totale,Emilia-Romagna,regione,2022,68.1,Valori percentuali,Istat - Rilevazione sulle Forze di lavoro
02IST002-N22,Persone con almeno il diploma (25-64 anni),Totale,Emilia-Romagna,regione,2023,69.9,Valori percentuali,Istat - Rilevazione sulle Forze di lavoro
02IST002-N22,Persone con almeno il diploma (25-64 anni),Totale,Emilia-Romagna,regione,2024,71.6,Valori percentuali,Istat - Rilevazione sulle Forze di lavoro
02IST002-N22,Persone con almeno il diploma (25-64 anni),Totale,Piacenza,provincia,2018,68.2,Valori percentuali,Istat - Rilevazione sulle Forze di lavoro
02IST002-N22,Persone con almeno il diploma (25-64 anni),Totale,Piacenza,provincia,2019,68.2,Valori percentuali,Istat - Rilevazione sulle Forze di lavoro
02IST002-N22,Persone con almeno il diploma (25-64 anni),Totale,Piacenza,provincia,2020,66.1,Valori percentuali,Istat - Rilevazione sulle Forze di lavoro
02IST002-N22,Persone con almeno il diploma (25-64 anni),Totale,Piacenza,provincia,2021,62.7,Valori percentuali,Istat - Rilevazione sulle Forze di lavoro
02IST002-N22,Persone con almeno il diploma (25-64 anni),Totale,Piacenza,provincia,2022,62.2,Valori percentuali,Istat - Rilevazione sulle Forze di lavoro
02IST002-N22,Persone con almeno il diploma (25-64 anni),Totale,Piacenza,provincia,2023,65.3,Valori percentuali,Istat - Rilevazione sulle Forze di lavoro
02IST002-N22,Persone con almeno il diploma (25-64 anni),Totale,Piacenza,provincia,2024,68.3,Valori percentuali,Istat - Rilevazione sulle Forze di lavoro
02IST002-N22,Persone con almeno il diploma (25-64 anni),Totale,Parma,provincia,2018,70.1,Valori percentuali,Istat - Rilevazione sulle Forze di lavoro
02IST002-N22,Persone con almeno il diploma (25-64 anni),Totale,Parma,provincia,2019,70.9,Valori percentuali,Istat - Rilevazione sulle Forze di lavoro
02IST002-N22,Persone con almeno il diploma (25-64 anni),Totale,Parma,provincia,2020,72.6,Valori percentuali,Istat - Rilevazione sulle Forze di lavoro
02IST002-N22,Persone con almeno il diploma (25-64 anni),Totale,Parma,provincia,2021,67.3,Valori percentuali,Istat - Rilevazione sulle Forze di lavoro
02IST002-N22,Persone con almeno il diploma (25-64 anni),Totale,Parma,provincia,2022,67,Valori percentuali,Istat - Rilevazione sulle Forze di lavoro
02IST002-N22,Persone con almeno il diploma (25-64 anni),Totale,Parma,provincia,2023,69.5,Valori percentuali,Istat - Rilevazione sulle Forze di lavoro
02IST002-N22,Persone con almeno il diploma (25-64 anni),Totale,Parma,provincia,2024,69.9,Valori percentuali,Istat - Rilevazione sulle Forze di lavoro
02IST002-N22,Persone con almeno il diploma (25-64 anni),Totale,Reggio nell'Emilia,provincia,2018,65.1,Valori percentuali,Istat - Rilevazione sulle Forze di lavoro
02IST002-N22,Persone con almeno il diploma (25-64 anni),Totale,Reggio nell'Emilia,provincia,2019,65.5,Valori percentuali,Istat - Rilevazione sulle Forze di lavoro
02IST002-N22,Persone con almeno il diploma (25-64 anni),Totale,Reggio nell'Emilia,provincia,2020,65.7,Valori percentuali,Istat - Rilevazione sulle Forze di lavoro
02IST002-N22,Persone con almeno il diploma (25-64 anni),Totale,Reggio nell'Emilia,provincia,2021,67.5,Valori percentuali,Istat - Rilevazione sulle Forze di lavoro
02IST002-N22,Persone con almeno il diploma (25-64 anni),Totale,Reggio nell'Emilia,provincia,2022,67.9,Valori percentuali,Istat - Rilevazione sulle Forze di lavoro
02IST002-N22,Persone con almeno il diploma (25-64 anni),Totale,Reggio nell'Emilia,provincia,2023,68.6,Valori percentuali,Istat - Rilevazione sulle Forze di lavoro
02IST002-N22,Persone con almeno il diploma (25-64 anni),Totale,Reggio nell'Emilia,provincia,2024,71.8,Valori percentuali,Istat - Rilevazione sulle Forze di lavoro
02IST002-N22,Persone con almeno il diploma (25-64 anni),Totale,Modena,provincia,2018,64.4,Valori percentuali,Istat - Rilevazione sulle Forze di lavoro
02IST002-N22,Persone con almeno il diploma (25-64 anni),Totale,Modena,provincia,2019,65.4,Valori percentuali,Istat - Rilevazione sulle Forze di lavoro
02IST002-N22,Persone con almeno il diploma (25-64 anni),Totale,Modena,provincia,2020,65,Valori percentuali,Istat - Rilevazione sulle Forze di lavoro
02IST002-N22,Persone con almeno il diploma (25-64 anni),Totale,Modena,provincia,2021,69.4,Valori percentuali,Istat - Rilevazione sulle Forze di lavoro
02IST002-N22,Persone con almeno il diploma (25-64 anni),Totale,Modena,provincia,2022,67.8,Valori percentuali,Istat - Rilevazione sulle Forze di lavoro
02IST002-N22,Persone con almeno il diploma (25-64 anni),Totale,Modena,provincia,2023,66.6,Valori percentuali,Istat - Rilevazione sulle Forze di lavoro
02IST002-N22,Persone con almeno il diploma (25-64 anni),Totale,Modena,provincia,2024,68.2,Valori percentuali,Istat - Rilevazione sulle Forze di lavoro
02IST002-N22,Persone con almeno il diploma (25-64 anni),Totale,Bologna,provincia,2018,75,Valori percentuali,Istat - Rilevazione sulle Forze di lavoro
02IST002-N22,Persone con almeno il diploma (25-64 anni),Totale,Bologna,provincia,2019,75.8,Valori percentuali,Istat - Rilevazione sulle Forze di lavoro
02IST002-N22,Persone con almeno il diploma (25-64 anni),Totale,Bologna,provincia,2020,76.8,Valori percentuali,Istat - Rilevazione sulle Forze di lavoro
02IST002-N22,Persone con almeno il diploma (25-64 anni),Totale,Bologna,provincia,2021,75.7,Valori percentuali,Istat - Rilevazione sulle Forze di lavoro
02IST002-N22,Persone con almeno il diploma (25-64 anni),Totale,Bologna,provincia,2022,74.6,Valori percentuali,Istat - Rilevazione sulle Forze di lavoro
02IST002-N22,Persone con almeno il diploma (25-64 anni),Totale,Bologna,provincia,2023,77.5,Valori percentuali,Istat - Rilevazione sulle Forze di lavoro
02IST002-N22,Persone con almeno il diploma (25-64 anni),Totale,Bologna,provincia,2024,80.1,Valori percentuali,Istat - Rilevazione sulle Forze di lavoro
02IST002-N22,Persone con almeno il diploma (25-64 anni),Totale,Ferrara,provincia,2018,66.7,Valori percentuali,Istat - Rilevazione sulle Forze di lavoro
02IST002-N22,Persone con almeno il diploma (25-64 anni),Totale,Ferrara,provincia,2019,68.4,Valori percentuali,Istat - Rilevazione sulle Forze di lavoro
02IST002-N22,Persone con almeno il diploma (25-64 anni),Totale,Ferrara,provincia,2020,69.5,Valori percentuali,Istat - Rilevazione sulle Forze di lavoro
02IST002-N22,Persone con almeno il diploma (25-64 anni),Totale,Ferrara,provincia,2021,65.7,Valori percentuali,Istat - Rilevazione sulle Forze di lavoro
02IST002-N22,Persone con almeno il diploma (25-64 anni),Totale,Ferrara,provincia,2022,62.6,Valori percentuali,Istat - Rilevazione sulle Forze di lavoro
02IST002-N22,Persone con almeno il diploma (25-64 anni),Totale,Ferrara,provincia,2023,65,Valori percentuali,Istat - Rilevazione sulle Forze di lavoro
02IST002-N22,Persone con almeno il diploma (25-64 anni),Totale,Ferrara,provincia,2024,65.9,Valori percentuali,Istat - Rilevazione sulle Forze di lavoro
02IST002-N22,Persone con almeno il diploma (25-64 anni),Totale,Ravenna,provincia,2018,68.9,Valori percentuali,Istat - Rilevazione sulle Forze di lavoro
02IST002-N22,Persone con almeno il diploma (25-64 anni),Totale,Ravenna,provincia,2019,70.8,Valori percentuali,Istat - Rilevazione sulle Forze di lavoro
02IST002-N22,Persone con almeno il diploma (25-64 anni),Totale,Ravenna,provincia,2020,69.7,Valori percentuali,Istat - Rilevazione sulle Forze di lavoro
02IST002-N22,Persone con almeno il diploma (25-64 anni),Totale,Ravenna,provincia,2021,68.2,Valori percentuali,Istat - Rilevazione sulle Forze di lavoro
02IST002-N22,Persone con almeno il diploma (25-64 anni),Totale,Ravenna,provincia,2022,66.2,Valori percentuali,Istat - Rilevazione sulle Forze di lavoro
02IST002-N22,Persone con almeno il diploma (25-64 anni),Totale,Ravenna,provincia,2023,67.4,Valori percentuali,Istat - Rilevazione sulle Forze di lavoro
02IST002-N22,Persone con almeno il diploma (25-64 anni),Totale,Ravenna,provincia,2024,70.2,Valori percentuali,Istat - Rilevazione sulle Forze di lavoro
02IST002-N22,Persone con almeno il diploma (25-64 anni),Totale,Forlì-Cesena,provincia,2018,63.8,Valori percentuali,Istat - Rilevazione sulle Forze di lavoro
02IST002-N22,Persone con almeno il diploma (25-64 anni),Totale,Forlì-Cesena,provincia,2019,65.2,Valori percentuali,Istat - Rilevazione sulle Forze di lavoro
02IST002-N22,Persone con almeno il diploma (25-64 anni),Totale,Forlì-Cesena,provincia,2020,63.7,Valori percentuali,Istat - Rilevazione sulle Forze di lavoro
02IST002-N22,Persone con almeno il diploma (25-64 anni),Totale,Forlì-Cesena,provincia,2021,63,Valori percentuali,Istat - Rilevazione sulle Forze di lavoro
02IST002-N22,Persone con almeno il diploma (25-64 anni),Totale,Forlì-Cesena,provincia,2022,64.7,Valori percentuali,Istat - Rilevazione sulle Forze di lavoro
02IST002-N22,Persone con almeno il diploma (25-64 anni),Totale,Forlì-Cesena,provincia,2023,68.9,Valori percentuali,Istat - Rilevazione sulle Forze di lavoro
02IST002-N22,Persone con almeno il diploma (25-64 anni),Totale,Forlì-Cesena,provincia,2024,65.3,Valori percentuali,Istat - Rilevazione sulle Forze di lavoro
02IST002-N22,Persone con almeno il diploma (25-64 anni),Totale,Rimini,provincia,2018,63.4,Valori percentuali,Istat - Rilevazione sulle Forze di lavoro
02IST002-N22,Persone con almeno il diploma (25-64 anni),Totale,Rimini,provincia,2019,63.9,Valori percentuali,Istat - Rilevazione sulle Forze di lavoro
02IST002-N22,Persone con almeno il diploma (25-64 anni),Totale,Rimini,provincia,2020,60,Valori percentuali,Istat - Rilevazione sulle Forze di lavoro
02IST002-N22,Persone con almeno il diploma (25-64 anni),Totale,Rimini,provincia,2021,65.2,Valori percentuali,Istat - Rilevazione sulle Forze di lavoro
02IST002-N22,Persone con almeno il diploma (25-64 anni),Totale,Rimini,provincia,2022,67.3,Valori percentuali,Istat - Rilevazione sulle Forze di lavoro
02IST002-N22,Persone con almeno il diploma (25-64 anni),Totale,Rimini,provincia,2023,69.5,Valori percentuali,Istat - Rilevazione sulle Forze di lavoro
02IST002-N22,Persone con almeno il diploma (25-64 anni),Totale,Rimini,provincia,2024,72.4,Valori percentuali,Istat - Rilevazione sulle Forze di lavoro
02IST002-N22,Persone con almeno il diploma (25-64 anni),Totale,Nord-est,ripartizione,2018,66.8,Valori percentuali,Istat - Rilevazione sulle Forze di lavoro
02IST002-N22,Persone con almeno il diploma (25-64 anni),Totale,Nord-est,ripartizione,2019,67.4,Valori percentuali,Istat - Rilevazione sulle Forze di lavoro
02IST002-N22,Persone con almeno il diploma (25-64 anni),Totale,Nord-est,ripartizione,2020,67.9,Valori percentuali,Istat - Rilevazione sulle Forze di lavoro
02IST002-N22,Persone con almeno il diploma (25-64 anni),Totale,Nord-est,ripartizione,2021,67.7,Valori percentuali,Istat - Rilevazione sulle Forze di lavoro
02IST002-N22,Persone con almeno il diploma (25-64 anni),Totale,Nord-est,ripartizione,2022,67.6,Valori percentuali,Istat - Rilevazione sulle Forze di lavoro
02IST002-N22,Persone con almeno il diploma (25-64 anni),Totale,Nord-est,ripartizione,2023,69.7,Valori percentuali,Istat - Rilevazione sulle Forze di lavoro
02IST002-N22,Persone con almeno il diploma (25-64 anni),Totale,Nord-est,ripartizione,2024,71.3,Valori percentuali,Istat - Rilevazione sulle Forze di lavoro
02IST002-N22,Persone con almeno il diploma (25-64 anni),Totale,Italia,italia,2018,61.8,Valori percentuali,Istat - Rilevazione sulle Forze di lavoro
02IST002-N22,Persone con almeno il diploma (25-64 anni),Totale,Italia,italia,2019,62.3,Valori percentuali,Istat - Rilevazione sulle Forze di lavoro
02IST002-N22,Persone con almeno il diploma (25-64 anni),Totale,Italia,italia,2020,62.6,Valori percentuali,Istat - Rilevazione sulle Forze di lavoro
02IST002-N22,Persone con almeno il diploma (25-64 anni),Totale,Italia,italia,2021,62.7,Valori percentuali,Istat - Rilevazione sulle Forze di lavoro
02IST002-N22,Persone con almeno il diploma (25-64 anni),Totale,Italia,italia,2022,63,Valori percentuali,Istat - Rilevazione sulle Forze di lavoro
02IST002-N22,Persone con almeno il diploma (25-64 anni),Totale,Italia,italia,2023,65.5,Valori percentuali,Istat - Rilevazione sulle Forze di lavoro
02IST002-N22,Persone con almeno il diploma (25-64 anni),Totale,Italia,italia,2024,66.7,Valori percentuali,Istat - Rilevazione sulle Forze di lavoro
02IST003P-N22,Laureati e altri titoli terziari (25-39 anni),Totale,Emilia-Romagna,regione,2018,31.7,Valori percentuali,Istat - Rilevazione sulle Forze di lavoro
02IST003P-N22,Laureati e altri titoli terziari (25-39 anni),Totale,Emilia-Romagna,regione,2019,32.1,Valori percentuali,Istat - Rilevazione sulle Forze di lavoro
02IST003P-N22,Laureati e altri titoli terziari (25-39 anni),Totale,Emilia-Romagna,regione,2020,33.6,Valori percentuali,Istat - Rilevazione sulle Forze di lavoro
02IST003P-N22,Laureati e altri titoli terziari (25-39 anni),Totale,Emilia-Romagna,regione,2021,33.7,Valori percentuali,Istat - Rilevazione sulle Forze di lavoro
02IST003P-N22,Laureati e altri titoli terziari (25-39 anni),Totale,Emilia-Romagna,regione,2022,32.2,Valori percentuali,Istat - Rilevazione sulle Forze di lavoro
02IST003P-N22,Laureati e altri titoli terziari (25-39 anni),Totale,Emilia-Romagna,regione,2023,33.7,Valori percentuali,Istat - Rilevazione sulle Forze di lavoro
02IST003P-N22,Laureati e altri titoli terziari (25-39 anni),Totale,Emilia-Romagna,regione,2024,36.4,Valori percentuali,Istat - Rilevazione sulle Forze di lavoro
02IST003P-N22,Laureati e altri titoli terziari (25-39 anni),Totale,Piacenza,provincia,2018,27.7,Valori percentuali,Istat - Rilevazione sulle Forze di lavoro
02IST003P-N22,Laureati e altri titoli terziari (25-39 anni),Totale,Piacenza,provincia,2019,29.9,Valori percentuali,Istat - Rilevazione sulle Forze di lavoro
02IST003P-N22,Laureati e altri titoli terziari (25-39 anni),Totale,Piacenza,provincia,2020,29.1,Valori percentuali,Istat - Rilevazione sulle Forze di lavoro
02IST003P-N22,Laureati e altri titoli terziari (25-39 anni),Totale,Piacenza,provincia,2021,24.9,Valori percentuali,Istat - Rilevazione sulle Forze di lavoro
02IST003P-N22,Laureati e altri titoli terziari (25-39 anni),Totale,Piacenza,provincia,2022,20.6,Valori percentuali,Istat - Rilevazione sulle Forze di lavoro
02IST003P-N22,Laureati e altri titoli terziari (25-39 anni),Totale,Piacenza,provincia,2023,25.7,Valori percentuali,Istat - Rilevazione sulle Forze di lavoro
02IST003P-N22,Laureati e altri titoli terziari (25-39 anni),Totale,Piacenza,provincia,2024,32.3,Valori percentuali,Istat - Rilevazione sulle Forze di lavoro
02IST003P-N22,Laureati e altri titoli terziari (25-39 anni),Totale,Parma,provincia,2018,32.4,Valori percentuali,Istat - Rilevazione sulle Forze di lavoro
02IST003P-N22,Laureati e altri titoli terziari (25-39 anni),Totale,Parma,provincia,2019,30.6,Valori percentuali,Istat - Rilevazione sulle Forze di lavoro
02IST003P-N22,Laureati e altri titoli terziari (25-39 anni),Totale,Parma,provincia,2020,34.6,Valori percentuali,Istat - Rilevazione sulle Forze di lavoro
02IST003P-N22,Laureati e altri titoli terziari (25-39 anni),Totale,Parma,provincia,2021,28.7,Valori percentuali,Istat - Rilevazione sulle Forze di lavoro
02IST003P-N22,Laureati e altri titoli terziari (25-39 anni),Totale,Parma,provincia,2022,26.8,Valori percentuali,Istat - Rilevazione sulle Forze di lavoro
02IST003P-N22,Laureati e altri titoli terziari (25-39 anni),Totale,Parma,provincia,2023,29.3,Valori percentuali,Istat - Rilevazione sulle Forze di lavoro
02IST003P-N22,Laureati e altri titoli terziari (25-39 anni),Totale,Parma,provincia,2024,30.8,Valori percentuali,Istat - Rilevazione sulle Forze di lavoro
02IST003P-N22,Laureati e altri titoli terziari (25-39 anni),Totale,Reggio nell'Emilia,provincia,2018,24.5,Valori percentuali,Istat - Rilevazione sulle Forze di lavoro
02IST003P-N22,Laureati e altri titoli terziari (25-39 anni),Totale,Reggio nell'Emilia,provincia,2019,27.5,Valori percentuali,Istat - Rilevazione sulle Forze di lavoro
02IST003P-N22,Laureati e altri titoli terziari (25-39 anni),Totale,Reggio nell'Emilia,provincia,2020,27.9,Valori percentuali,Istat - Rilevazione sulle Forze di lavoro
02IST003P-N22,Laureati e altri titoli terziari (25-39 anni),Totale,Reggio nell'Emilia,provincia,2021,29.9,Valori percentuali,Istat - Rilevazione sulle Forze di lavoro
02IST003P-N22,Laureati e altri titoli terziari (25-39 anni),Totale,Reggio nell'Emilia,provincia,2022,29.1,Valori percentuali,Istat - Rilevazione sulle Forze di lavoro
02IST003P-N22,Laureati e altri titoli terziari (25-39 anni),Totale,Reggio nell'Emilia,provincia,2023,25.6,Valori percentuali,Istat - Rilevazione sulle Forze di lavoro
02IST003P-N22,Laureati e altri titoli terziari (25-39 anni),Totale,Reggio nell'Emilia,provincia,2024,28.9,Valori percentuali,Istat - Rilevazione sulle Forze di lavoro
02IST003P-N22,Laureati e altri titoli terziari (25-39 anni),Totale,Modena,provincia,2018,31.2,Valori percentuali,Istat - Rilevazione sulle Forze di lavoro
02IST003P-N22,Laureati e altri titoli terziari (25-39 anni),Totale,Modena,provincia,2019,31.9,Valori percentuali,Istat - Rilevazione sulle Forze di lavoro
02IST003P-N22,Laureati e altri titoli terziari (25-39 anni),Totale,Modena,provincia,2020,32.9,Valori percentuali,Istat - Rilevazione sulle Forze di lavoro
02IST003P-N22,Laureati e altri titoli terziari (25-39 anni),Totale,Modena,provincia,2021,29.2,Valori percentuali,Istat - Rilevazione sulle Forze di lavoro
02IST003P-N22,Laureati e altri titoli terziari (25-39 anni),Totale,Modena,provincia,2022,29.2,Valori percentuali,Istat - Rilevazione sulle Forze di lavoro
02IST003P-N22,Laureati e altri titoli terziari (25-39 anni),Totale,Modena,provincia,2023,30.6,Valori percentuali,Istat - Rilevazione sulle Forze di lavoro
02IST003P-N22,Laureati e altri titoli terziari (25-39 anni),Totale,Modena,provincia,2024,35.8,Valori percentuali,Istat - Rilevazione sulle Forze di lavoro
02IST003P-N22,Laureati e altri titoli terziari (25-39 anni),Totale,Bologna,provincia,2018,44.1,Valori percentuali,Istat - Rilevazione sulle Forze di lavoro
02IST003P-N22,Laureati e altri titoli terziari (25-39 anni),Totale,Bologna,provincia,2019,41.7,Valori percentuali,Istat - Rilevazione sulle Forze di lavoro
02IST003P-N22,Laureati e altri titoli terziari (25-39 anni),Totale,Bologna,provincia,2020,41.7,Valori percentuali,Istat - Rilevazione sulle Forze di lavoro
02IST003P-N22,Laureati e altri titoli terziari (25-39 anni),Totale,Bologna,provincia,2021,44.3,Valori percentuali,Istat - Rilevazione sulle Forze di lavoro
02IST003P-N22,Laureati e altri titoli terziari (25-39 anni),Totale,Bologna,provincia,2022,42.3,Valori percentuali,Istat - Rilevazione sulle Forze di lavoro
02IST003P-N22,Laureati e altri titoli terziari (25-39 anni),Totale,Bologna,provincia,2023,45.2,Valori percentuali,Istat - Rilevazione sulle Forze di lavoro
02IST003P-N22,Laureati e altri titoli terziari (25-39 anni),Totale,Bologna,provincia,2024,48.8,Valori percentuali,Istat - Rilevazione sulle Forze di lavoro
02IST003P-N22,Laureati e altri titoli terziari (25-39 anni),Totale,Ferrara,provincia,2018,28.8,Valori percentuali,Istat - Rilevazione sulle Forze di lavoro
02IST003P-N22,Laureati e altri titoli terziari (25-39 anni),Totale,Ferrara,provincia,2019,25.4,Valori percentuali,Istat - Rilevazione sulle Forze di lavoro
02IST003P-N22,Laureati e altri titoli terziari (25-39 anni),Totale,Ferrara,provincia,2020,34.5,Valori percentuali,Istat - Rilevazione sulle Forze di lavoro
02IST003P-N22,Laureati e altri titoli terziari (25-39 anni),Totale,Ferrara,provincia,2021,32.9,Valori percentuali,Istat - Rilevazione sulle Forze di lavoro
02IST003P-N22,Laureati e altri titoli terziari (25-39 anni),Totale,Ferrara,provincia,2022,30.7,Valori percentuali,Istat - Rilevazione sulle Forze di lavoro
02IST003P-N22,Laureati e altri titoli terziari (25-39 anni),Totale,Ferrara,provincia,2023,30.2,Valori percentuali,Istat - Rilevazione sulle Forze di lavoro
02IST003P-N22,Laureati e altri titoli terziari (25-39 anni),Totale,Ferrara,provincia,2024,30.5,Valori percentuali,Istat - Rilevazione sulle Forze di lavoro
02IST003P-N22,Laureati e altri titoli terziari (25-39 anni),Totale,Ravenna,provincia,2018,21.8,Valori percentuali,Istat - Rilevazione sulle Forze di lavoro
02IST003P-N22,Laureati e altri titoli terziari (25-39 anni),Totale,Ravenna,provincia,2019,25.7,Valori percentuali,Istat - Rilevazione sulle Forze di lavoro
02IST003P-N22,Laureati e altri titoli terziari (25-39 anni),Totale,Ravenna,provincia,2020,28.3,Valori percentuali,Istat - Rilevazione sulle Forze di lavoro
02IST003P-N22,Laureati e altri titoli terziari (25-39 anni),Totale,Ravenna,provincia,2021,33.3,Valori percentuali,Istat - Rilevazione sulle Forze di lavoro
02IST003P-N22,Laureati e altri titoli terziari (25-39 anni),Totale,Ravenna,provincia,2022,27.8,Valori percentuali,Istat - Rilevazione sulle Forze di lavoro
02IST003P-N22,Laureati e altri titoli terziari (25-39 anni),Totale,Ravenna,provincia,2023,33.7,Valori percentuali,Istat - Rilevazione sulle Forze di lavoro
02IST003P-N22,Laureati e altri titoli terziari (25-39 anni),Totale,Ravenna,provincia,2024,40.3,Valori percentuali,Istat - Rilevazione sulle Forze di lavoro
02IST003P-N22,Laureati e altri titoli terziari (25-39 anni),Totale,Forlì-Cesena,provincia,2018,28.9,Valori percentuali,Istat - Rilevazione sulle Forze di lavoro
02IST003P-N22,Laureati e altri titoli terziari (25-39 anni),Totale,Forlì-Cesena,provincia,2019,32.8,Valori percentuali,Istat - Rilevazione sulle Forze di lavoro
02IST003P-N22,Laureati e altri titoli terziari (25-39 anni),Totale,Forlì-Cesena,provincia,2020,31.6,Valori percentuali,Istat - Rilevazione sulle Forze di lavoro
02IST003P-N22,Laureati e altri titoli terziari (25-39 anni),Totale,Forlì-Cesena,provincia,2021,32.4,Valori percentuali,Istat - Rilevazione sulle Forze di lavoro
02IST003P-N22,Laureati e altri titoli terziari (25-39 anni),Totale,Forlì-Cesena,provincia,2022,33,Valori percentuali,Istat - Rilevazione sulle Forze di lavoro
02IST003P-N22,Laureati e altri titoli terziari (25-39 anni),Totale,Forlì-Cesena,provincia,2023,31.8,Valori percentuali,Istat - Rilevazione sulle Forze di lavoro
02IST003P-N22,Laureati e altri titoli terziari (25-39 anni),Totale,Forlì-Cesena,provincia,2024,27.2,Valori percentuali,Istat - Rilevazione sulle Forze di lavoro
02IST003P-N22,Laureati e altri titoli terziari (25-39 anni),Totale,Rimini,provincia,2018,26.2,Valori percentuali,Istat - Rilevazione sulle Forze di lavoro
02IST003P-N22,Laureati e altri titoli terziari (25-39 anni),Totale,Rimini,provincia,2019,25.8,Valori percentuali,Istat - Rilevazione sulle Forze di lavoro
02IST003P-N22,Laureati e altri titoli terziari (25-39 anni),Totale,Rimini,provincia,2020,26.1,Valori percentuali,Istat - Rilevazione sulle Forze di lavoro
02IST003P-N22,Laureati e altri titoli terziari (25-39 anni),Totale,Rimini,provincia,2021,33.3,Valori percentuali,Istat - Rilevazione sulle Forze di lavoro
02IST003P-N22,Laureati e altri titoli terziari (25-39 anni),Totale,Rimini,provincia,2022,36,Valori percentuali,Istat - Rilevazione sulle Forze di lavoro
02IST003P-N22,Laureati e altri titoli terziari (25-39 anni),Totale,Rimini,provincia,2023,34.5,Valori percentuali,Istat - Rilevazione sulle Forze di lavoro
02IST003P-N22,Laureati e altri titoli terziari (25-39 anni),Totale,Rimini,provincia,2024,35.7,Valori percentuali,Istat - Rilevazione sulle Forze di lavoro
02IST003P-N22,Laureati e altri titoli terziari (25-39 anni),Totale,Nord-est,ripartizione,2018,30.7,Valori percentuali,Istat - Rilevazione sulle Forze di lavoro
02IST003P-N22,Laureati e altri titoli terziari (25-39 anni),Totale,Nord-est,ripartizione,2019,31,Valori percentuali,Istat - Rilevazione sulle Forze di lavoro
02IST003P-N22,Laureati e altri titoli terziari (25-39 anni),Totale,Nord-est,ripartizione,2020,31.4,Valori percentuali,Istat - Rilevazione sulle Forze di lavoro
02IST003P-N22,Laureati e altri titoli terziari (25-39 anni),Totale,Nord-est,ripartizione,2021,32.1,Valori percentuali,Istat - Rilevazione sulle Forze di lavoro
02IST003P-N22,Laureati e altri titoli terziari (25-39 anni),Totale,Nord-est,ripartizione,2022,31.3,Valori percentuali,Istat - Rilevazione sulle Forze di lavoro
02IST003P-N22,Laureati e altri titoli terziari (25-39 anni),Totale,Nord-est,ripartizione,2023,32.1,Valori percentuali,Istat - Rilevazione sulle Forze di lavoro
02IST003P-N22,Laureati e altri titoli terziari (25-39 anni),Totale,Nord-est,ripartizione,2024,34.7,Valori percentuali,Istat - Rilevazione sulle Forze di lavoro
02IST003P-N22,Laureati e altri titoli terziari (25-39 anni),Totale,Italia,italia,2018,27.1,Valori percentuali,Istat - Rilevazione sulle Forze di lavoro
02IST003P-N22,Laureati e altri titoli terziari (25-39 anni),Totale,Italia,italia,2019,27.4,Valori percentuali,Istat - Rilevazione sulle Forze di lavoro
02IST003P-N22,Laureati e altri titoli terziari (25-39 anni),Totale,Italia,italia,2020,28.2,Valori percentuali,Istat - Rilevazione sulle Forze di lavoro
02IST003P-N22,Laureati e altri titoli terziari (25-39 anni),Totale,Italia,italia,2021,28.1,Valori percentuali,Istat - Rilevazione sulle Forze di lavoro
02IST003P-N22,Laureati e altri titoli terziari (25-39 anni),Totale,Italia,italia,2022,28.6,Valori percentuali,Istat - Rilevazione sulle Forze di lavoro
02IST003P-N22,Laureati e altri titoli terziari (25-39 anni),Totale,Italia,italia,2023,30,Valori percentuali,Istat - Rilevazione sulle Forze di lavoro
02IST003P-N22,Laureati e altri titoli terziari (25-39 anni),Totale,Italia,italia,2024,30.9,Valori percentuali,Istat - Rilevazione sulle Forze di lavoro
02IST004,Passaggio all'università,Femmine,Emilia-Romagna,regione,2017,58.2,Tasso specifico di coorte,Ministero dell'Istruzione; Ministero dell'Università e Ricerca
02IST004,Passaggio all'università,Femmine,Emilia-Romagna,regione,2018,59.1,Tasso specifico di coorte,Ministero dell'Istruzione; Ministero dell'Università e Ricerca
02IST004,Passaggio all'università,Femmine,Emilia-Romagna,regione,2019,60.4,Tasso specifico di coorte,Ministero dell'Istruzione; Ministero dell'Università e Ricerca
02IST004,Passaggio all'università,Femmine,Emilia-Romagna,regione,2020,62.5,Tasso specifico di coorte,Ministero dell'Istruzione; Ministero dell'Università e Ricerca
02IST004,Passaggio all'università,Femmine,Emilia-Romagna,regione,2021,61.1,Tasso specifico di coorte,Ministero dell'Istruzione; Ministero dell'Università e Ricerca
02IST004,Passaggio all'università,Femmine,Emilia-Romagna,regione,2022,60.9,Tasso specifico di coorte,Ministero dell'Istruzione; Ministero dell'Università e Ricerca
02IST004,Passaggio all'università,Femmine,Piacenza,provincia,2017,61,Tasso specifico di coorte,Ministero dell'Istruzione; Ministero dell'Università e Ricerca
02IST004,Passaggio all'università,Femmine,Piacenza,provincia,2018,61.2,Tasso specifico di coorte,Ministero dell'Istruzione; Ministero dell'Università e Ricerca
02IST004,Passaggio all'università,Femmine,Piacenza,provincia,2019,63.5,Tasso specifico di coorte,Ministero dell'Istruzione; Ministero dell'Università e Ricerca
02IST004,Passaggio all'università,Femmine,Piacenza,provincia,2020,62.5,Tasso specifico di coorte,Ministero dell'Istruzione; Ministero dell'Università e Ricerca
02IST004,Passaggio all'università,Femmine,Piacenza,provincia,2021,61.7,Tasso specifico di coorte,Ministero dell'Istruzione; Ministero dell'Università e Ricerca
02IST004,Passaggio all'università,Femmine,Piacenza,provincia,2022,66.7,Tasso specifico di coorte,Ministero dell'Istruzione; Ministero dell'Università e Ricerca
02IST004,Passaggio all'università,Femmine,Parma,provincia,2017,64.8,Tasso specifico di coorte,Ministero dell'Istruzione; Ministero dell'Università e Ricerca
02IST004,Passaggio all'università,Femmine,Parma,provincia,2018,68.2,Tasso specifico di coorte,Ministero dell'Istruzione; Ministero dell'Università e Ricerca
02IST004,Passaggio all'università,Femmine,Parma,provincia,2019,66.1,Tasso specifico di coorte,Ministero dell'Istruzione; Ministero dell'Università e Ricerca
02IST004,Passaggio all'università,Femmine,Parma,provincia,2020,69.3,Tasso specifico di coorte,Ministero dell'Istruzione; Ministero dell'Università e Ricerca
02IST004,Passaggio all'università,Femmine,Parma,provincia,2021,66.7,Tasso specifico di coorte,Ministero dell'Istruzione; Ministero dell'Università e Ricerca
02IST004,Passaggio all'università,Femmine,Parma,provincia,2022,68.4,Tasso specifico di coorte,Ministero dell'Istruzione; Ministero dell'Università e Ricerca
02IST004,Passaggio all'università,Femmine,Reggio nell'Emilia,provincia,2017,56.4,Tasso specifico di coorte,Ministero dell'Istruzione; Ministero dell'Università e Ricerca
02IST004,Passaggio all'università,Femmine,Reggio nell'Emilia,provincia,2018,55,Tasso specifico di coorte,Ministero dell'Istruzione; Ministero dell'Università e Ricerca
02IST004,Passaggio all'università,Femmine,Reggio nell'Emilia,provincia,2019,58.9,Tasso specifico di coorte,Ministero dell'Istruzione; Ministero dell'Università e Ricerca
02IST004,Passaggio all'università,Femmine,Reggio nell'Emilia,provincia,2020,62.9,Tasso specifico di coorte,Ministero dell'Istruzione; Ministero dell'Università e Ricerca
02IST004,Passaggio all'università,Femmine,Reggio nell'Emilia,provincia,2021,57.1,Tasso specifico di coorte,Ministero dell'Istruzione; Ministero dell'Università e Ricerca
02IST004,Passaggio all'università,Femmine,Reggio nell'Emilia,provincia,2022,58.5,Tasso specifico di coorte,Ministero dell'Istruzione; Ministero dell'Università e Ricerca
02IST004,Passaggio all'università,Femmine,Modena,provincia,2017,57.4,Tasso specifico di coorte,Ministero dell'Istruzione; Ministero dell'Università e Ricerca
02IST004,Passaggio all'università,Femmine,Modena,provincia,2018,59.1,Tasso specifico di coorte,Ministero dell'Istruzione; Ministero dell'Università e Ricerca
02IST004,Passaggio all'università,Femmine,Modena,provincia,2019,60.4,Tasso specifico di coorte,Ministero dell'Istruzione; Ministero dell'Università e Ricerca
02IST004,Passaggio all'università,Femmine,Modena,provincia,2020,60.9,Tasso specifico di coorte,Ministero dell'Istruzione; Ministero dell'Università e Ricerca
02IST004,Passaggio all'università,Femmine,Modena,provincia,2021,58.2,Tasso specifico di coorte,Ministero dell'Istruzione; Ministero dell'Università e Ricerca
02IST004,Passaggio all'università,Femmine,Modena,provincia,2022,58.7,Tasso specifico di coorte,Ministero dell'Istruzione; Ministero dell'Università e Ricerca
02IST004,Passaggio all'università,Femmine,Bologna,provincia,2017,59.3,Tasso specifico di coorte,Ministero dell'Istruzione; Ministero dell'Università e Ricerca
02IST004,Passaggio all'università,Femmine,Bologna,provincia,2018,59.8,Tasso specifico di coorte,Ministero dell'Istruzione; Ministero dell'Università e Ricerca
02IST004,Passaggio all'università,Femmine,Bologna,provincia,2019,61.4,Tasso specifico di coorte,Ministero dell'Istruzione; Ministero dell'Università e Ricerca
02IST004,Passaggio all'università,Femmine,Bologna,provincia,2020,62.9,Tasso specifico di coorte,Ministero dell'Istruzione; Ministero dell'Università e Ricerca
02IST004,Passaggio all'università,Femmine,Bologna,provincia,2021,64.4,Tasso specifico di coorte,Ministero dell'Istruzione; Ministero dell'Università e Ricerca
02IST004,Passaggio all'università,Femmine,Bologna,provincia,2022,62,Tasso specifico di coorte,Ministero dell'Istruzione; Ministero dell'Università e Ricerca
02IST004,Passaggio all'università,Femmine,Ferrara,provincia,2017,62.2,Tasso specifico di coorte,Ministero dell'Istruzione; Ministero dell'Università e Ricerca
02IST004,Passaggio all'università,Femmine,Ferrara,provincia,2018,58.4,Tasso specifico di coorte,Ministero dell'Istruzione; Ministero dell'Università e Ricerca
02IST004,Passaggio all'università,Femmine,Ferrara,provincia,2019,61.3,Tasso specifico di coorte,Ministero dell'Istruzione; Ministero dell'Università e Ricerca
02IST004,Passaggio all'università,Femmine,Ferrara,provincia,2020,65,Tasso specifico di coorte,Ministero dell'Istruzione; Ministero dell'Università e Ricerca
02IST004,Passaggio all'università,Femmine,Ferrara,provincia,2021,64.3,Tasso specifico di coorte,Ministero dell'Istruzione; Ministero dell'Università e Ricerca
02IST004,Passaggio all'università,Femmine,Ferrara,provincia,2022,62.9,Tasso specifico di coorte,Ministero dell'Istruzione; Ministero dell'Università e Ricerca
02IST004,Passaggio all'università,Femmine,Ravenna,provincia,2017,53.1,Tasso specifico di coorte,Ministero dell'Istruzione; Ministero dell'Università e Ricerca
02IST004,Passaggio all'università,Femmine,Ravenna,provincia,2018,55.1,Tasso specifico di coorte,Ministero dell'Istruzione; Ministero dell'Università e Ricerca
02IST004,Passaggio all'università,Femmine,Ravenna,provincia,2019,55.3,Tasso specifico di coorte,Ministero dell'Istruzione; Ministero dell'Università e Ricerca
02IST004,Passaggio all'università,Femmine,Ravenna,provincia,2020,59.4,Tasso specifico di coorte,Ministero dell'Istruzione; Ministero dell'Università e Ricerca
02IST004,Passaggio all'università,Femmine,Ravenna,provincia,2021,57,Tasso specifico di coorte,Ministero dell'Istruzione; Ministero dell'Università e Ricerca
02IST004,Passaggio all'università,Femmine,Ravenna,provincia,2022,55.3,Tasso specifico di coorte,Ministero dell'Istruzione; Ministero dell'Università e Ricerca
02IST004,Passaggio all'università,Femmine,Forlì-Cesena,provincia,2017,56.5,Tasso specifico di coorte,Ministero dell'Istruzione; Ministero dell'Università e Ricerca
02IST004,Passaggio all'università,Femmine,Forlì-Cesena,provincia,2018,57.6,Tasso specifico di coorte,Ministero dell'Istruzione; Ministero dell'Università e Ricerca
02IST004,Passaggio all'università,Femmine,Forlì-Cesena,provincia,2019,59.4,Tasso specifico di coorte,Ministero dell'Istruzione; Ministero dell'Università e Ricerca
02IST004,Passaggio all'università,Femmine,Forlì-Cesena,provincia,2020,60.9,Tasso specifico di coorte,Ministero dell'Istruzione; Ministero dell'Università e Ricerca
02IST004,Passaggio all'università,Femmine,Forlì-Cesena,provincia,2021,60.9,Tasso specifico di coorte,Ministero dell'Istruzione; Ministero dell'Università e Ricerca
02IST004,Passaggio all'università,Femmine,Forlì-Cesena,provincia,2022,60.1,Tasso specifico di coorte,Ministero dell'Istruzione; Ministero dell'Università e Ricerca
02IST004,Passaggio all'università,Femmine,Rimini,provincia,2017,51.7,Tasso specifico di coorte,Ministero dell'Istruzione; Ministero dell'Università e Ricerca
02IST004,Passaggio all'università,Femmine,Rimini,provincia,2018,55.7,Tasso specifico di coorte,Ministero dell'Istruzione; Ministero dell'Università e Ricerca
02IST004,Passaggio all'università,Femmine,Rimini,provincia,2019,55.7,Tasso specifico di coorte,Ministero dell'Istruzione; Ministero dell'Università e Ricerca
02IST004,Passaggio all'università,Femmine,Rimini,provincia,2020,58.7,Tasso specifico di coorte,Ministero dell'Istruzione; Ministero dell'Università e Ricerca
02IST004,Passaggio all'università,Femmine,Rimini,provincia,2021,58.3,Tasso specifico di coorte,Ministero dell'Istruzione; Ministero dell'Università e Ricerca
02IST004,Passaggio all'università,Femmine,Rimini,provincia,2022,56.2,Tasso specifico di coorte,Ministero dell'Istruzione; Ministero dell'Università e Ricerca
02IST004,Passaggio all'università,Femmine,Nord-est,ripartizione,2017,56.1,Tasso specifico di coorte,Ministero dell'Istruzione; Ministero dell'Università e Ricerca
02IST004,Passaggio all'università,Femmine,Nord-est,ripartizione,2018,54.8,Tasso specifico di coorte,Ministero dell'Istruzione; Ministero dell'Università e Ricerca
02IST004,Passaggio all'università,Femmine,Nord-est,ripartizione,2019,55.3,Tasso specifico di coorte,Ministero dell'Istruzione; Ministero dell'Università e Ricerca
02IST004,Passaggio all'università,Femmine,Nord-est,ripartizione,2020,58,Tasso specifico di coorte,Ministero dell'Istruzione; Ministero dell'Università e Ricerca
02IST004,Passaggio all'università,Femmine,Nord-est,ripartizione,2021,57.6,Tasso specifico di coorte,Ministero dell'Istruzione; Ministero dell'Università e Ricerca
02IST004,Passaggio all'università,Femmine,Nord-est,ripartizione,2022,57.5,Tasso specifico di coorte,Ministero dell'Istruzione; Ministero dell'Università e Ricerca
02IST004,Passaggio all'università,Femmine,Italia,italia,2017,56.2,Tasso specifico di coorte,Ministero dell'Istruzione; Ministero dell'Università e Ricerca
02IST004,Passaggio all'università,Femmine,Italia,italia,2018,56.2,Tasso specifico di coorte,Ministero dell'Istruzione; Ministero dell'Università e Ricerca
02IST004,Passaggio all'università,Femmine,Italia,italia,2019,57.7,Tasso specifico di coorte,Ministero dell'Istruzione; Ministero dell'Università e Ricerca
02IST004,Passaggio all'università,Femmine,Italia,italia,2020,59.1,Tasso specifico di coorte,Ministero dell'Istruzione; Ministero dell'Università e Ricerca
02IST004,Passaggio all'università,Femmine,Italia,italia,2021,58.3,Tasso specifico di coorte,Ministero dell'Istruzione; Ministero dell'Università e Ricerca
02IST004,Passaggio all'università,Femmine,Italia,italia,2022,58.2,Tasso specifico di coorte,Ministero dell'Istruzione; Ministero dell'Università e Ricerca
02IST004,Passaggio all'università,Maschi,Emilia-Romagna,regione,2017,47.7,Tasso specifico di coorte,Ministero dell'Istruzione; Ministero dell'Università e Ricerca
02IST004,Passaggio all'università,Maschi,Emilia-Romagna,regione,2018,47.8,Tasso specifico di coorte,Ministero dell'Istruzione; Ministero dell'Università e Ricerca
02IST004,Passaggio all'università,Maschi,Emilia-Romagna,regione,2019,49,Tasso specifico di coorte,Ministero dell'Istruzione; Ministero dell'Università e Ricerca
02IST004,Passaggio all'università,Maschi,Emilia-Romagna,regione,2020,48.5,Tasso specifico di coorte,Ministero dell'Istruzione; Ministero dell'Università e Ricerca
02IST004,Passaggio all'università,Maschi,Emilia-Romagna,regione,2021,48.4,Tasso specifico di coorte,Ministero dell'Istruzione; Ministero dell'Università e Ricerca
02IST004,Passaggio all'università,Maschi,Emilia-Romagna,regione,2022,48,Tasso specifico di coorte,Ministero dell'Istruzione; Ministero dell'Università e Ricerca
02IST004,Passaggio all'università,Maschi,Piacenza,provincia,2017,47.3,Tasso specifico di coorte,Ministero dell'Istruzione; Ministero dell'Università e Ricerca
02IST004,Passaggio all'università,Maschi,Piacenza,provincia,2018,50.7,Tasso specifico di coorte,Ministero dell'Istruzione; Ministero dell'Università e Ricerca
02IST004,Passaggio all'università,Maschi,Piacenza,provincia,2019,48.5,Tasso specifico di coorte,Ministero dell'Istruzione; Ministero dell'Università e Ricerca
02IST004,Passaggio all'università,Maschi,Piacenza,provincia,2020,46,Tasso specifico di coorte,Ministero dell'Istruzione; Ministero dell'Università e Ricerca
02IST004,Passaggio all'università,Maschi,Piacenza,provincia,2021,51.1,Tasso specifico di coorte,Ministero dell'Istruzione; Ministero dell'Università e Ricerca
02IST004,Passaggio all'università,Maschi,Piacenza,provincia,2022,50,Tasso specifico di coorte,Ministero dell'Istruzione; Ministero dell'Università e Ricerca
02IST004,Passaggio all'università,Maschi,Parma,provincia,2017,53.8,Tasso specifico di coorte,Ministero dell'Istruzione; Ministero dell'Università e Ricerca
02IST004,Passaggio all'università,Maschi,Parma,provincia,2018,51.3,Tasso specifico di coorte,Ministero dell'Istruzione; Ministero dell'Università e Ricerca
02IST004,Passaggio all'università,Maschi,Parma,provincia,2019,55,Tasso specifico di coorte,Ministero dell'Istruzione; Ministero dell'Università e Ricerca
02IST004,Passaggio all'università,Maschi,Parma,provincia,2020,52,Tasso specifico di coorte,Ministero dell'Istruzione; Ministero dell'Università e Ricerca
02IST004,Passaggio all'università,Maschi,Parma,provincia,2021,53.2,Tasso specifico di coorte,Ministero dell'Istruzione; Ministero dell'Università e Ricerca
02IST004,Passaggio all'università,Maschi,Parma,provincia,2022,55.5,Tasso specifico di coorte,Ministero dell'Istruzione; Ministero dell'Università e Ricerca
02IST004,Passaggio all'università,Maschi,Reggio nell'Emilia,provincia,2017,46.4,Tasso specifico di coorte,Ministero dell'Istruzione; Ministero dell'Università e Ricerca
02IST004,Passaggio all'università,Maschi,Reggio nell'Emilia,provincia,2018,46,Tasso specifico di coorte,Ministero dell'Istruzione; Ministero dell'Università e Ricerca
02IST004,Passaggio all'università,Maschi,Reggio nell'Emilia,provincia,2019,45.6,Tasso specifico di coorte,Ministero dell'Istruzione; Ministero dell'Università e Ricerca
02IST004,Passaggio all'università,Maschi,Reggio nell'Emilia,provincia,2020,48.3,Tasso specifico di coorte,Ministero dell'Istruzione; Ministero dell'Università e Ricerca
02IST004,Passaggio all'università,Maschi,Reggio nell'Emilia,provincia,2021,46.2,Tasso specifico di coorte,Ministero dell'Istruzione; Ministero dell'Università e Ricerca
02IST004,Passaggio all'università,Maschi,Reggio nell'Emilia,provincia,2022,46.9,Tasso specifico di coorte,Ministero dell'Istruzione; Ministero dell'Università e Ricerca
02IST004,Passaggio all'università,Maschi,Modena,provincia,2017,50.4,Tasso specifico di coorte,Ministero dell'Istruzione; Ministero dell'Università e Ricerca
02IST004,Passaggio all'università,Maschi,Modena,provincia,2018,47.5,Tasso specifico di coorte,Ministero dell'Istruzione; Ministero dell'Università e Ricerca
02IST004,Passaggio all'università,Maschi,Modena,provincia,2019,48.7,Tasso specifico di coorte,Ministero dell'Istruzione; Ministero dell'Università e Ricerca
02IST004,Passaggio all'università,Maschi,Modena,provincia,2020,49.1,Tasso specifico di coorte,Ministero dell'Istruzione; Ministero dell'Università e Ricerca
02IST004,Passaggio all'università,Maschi,Modena,provincia,2021,46.5,Tasso specifico di coorte,Ministero dell'Istruzione; Ministero dell'Università e Ricerca
02IST004,Passaggio all'università,Maschi,Modena,provincia,2022,45.6,Tasso specifico di coorte,Ministero dell'Istruzione; Ministero dell'Università e Ricerca
02IST004,Passaggio all'università,Maschi,Bologna,provincia,2017,48.5,Tasso specifico di coorte,Ministero dell'Istruzione; Ministero dell'Università e Ricerca
02IST004,Passaggio all'università,Maschi,Bologna,provincia,2018,49.1,Tasso specifico di coorte,Ministero dell'Istruzione; Ministero dell'Università e Ricerca
02IST004,Passaggio all'università,Maschi,Bologna,provincia,2019,51.8,Tasso specifico di coorte,Ministero dell'Istruzione; Ministero dell'Università e Ricerca
02IST004,Passaggio all'università,Maschi,Bologna,provincia,2020,49.8,Tasso specifico di coorte,Ministero dell'Istruzione; Ministero dell'Università e Ricerca
02IST004,Passaggio all'università,Maschi,Bologna,provincia,2021,52.2,Tasso specifico di coorte,Ministero dell'Istruzione; Ministero dell'Università e Ricerca
02IST004,Passaggio all'università,Maschi,Bologna,provincia,2022,50.4,Tasso specifico di coorte,Ministero dell'Istruzione; Ministero dell'Università e Ricerca
02IST004,Passaggio all'università,Maschi,Ferrara,provincia,2017,47.2,Tasso specifico di coorte,Ministero dell'Istruzione; Ministero dell'Università e Ricerca
02IST004,Passaggio all'università,Maschi,Ferrara,provincia,2018,48.1,Tasso specifico di coorte,Ministero dell'Istruzione; Ministero dell'Università e Ricerca
02IST004,Passaggio all'università,Maschi,Ferrara,provincia,2019,51.4,Tasso specifico di coorte,Ministero dell'Istruzione; Ministero dell'Università e Ricerca
02IST004,Passaggio all'università,Maschi,Ferrara,provincia,2020,51.3,Tasso specifico di coorte,Ministero dell'Istruzione; Ministero dell'Università e Ricerca
02IST004,Passaggio all'università,Maschi,Ferrara,provincia,2021,49.8,Tasso specifico di coorte,Ministero dell'Istruzione; Ministero dell'Università e Ricerca
02IST004,Passaggio all'università,Maschi,Ferrara,provincia,2022,48.2,Tasso specifico di coorte,Ministero dell'Istruzione; Ministero dell'Università e Ricerca
02IST004,Passaggio all'università,Maschi,Ravenna,provincia,2017,39.7,Tasso specifico di coorte,Ministero dell'Istruzione; Ministero dell'Università e Ricerca
02IST004,Passaggio all'università,Maschi,Ravenna,provincia,2018,44.6,Tasso specifico di coorte,Ministero dell'Istruzione; Ministero dell'Università e Ricerca
02IST004,Passaggio all'università,Maschi,Ravenna,provincia,2019,44.9,Tasso specifico di coorte,Ministero dell'Istruzione; Ministero dell'Università e Ricerca
02IST004,Passaggio all'università,Maschi,Ravenna,provincia,2020,43.2,Tasso specifico di coorte,Ministero dell'Istruzione; Ministero dell'Università e Ricerca
02IST004,Passaggio all'università,Maschi,Ravenna,provincia,2021,41.3,Tasso specifico di coorte,Ministero dell'Istruzione; Ministero dell'Università e Ricerca
02IST004,Passaggio all'università,Maschi,Ravenna,provincia,2022,41.5,Tasso specifico di coorte,Ministero dell'Istruzione; Ministero dell'Università e Ricerca
02IST004,Passaggio all'università,Maschi,Forlì-Cesena,provincia,2017,47.1,Tasso specifico di coorte,Ministero dell'Istruzione; Ministero dell'Università e Ricerca
02IST004,Passaggio all'università,Maschi,Forlì-Cesena,provincia,2018,48.1,Tasso specifico di coorte,Ministero dell'Istruzione; Ministero dell'Università e Ricerca
02IST004,Passaggio all'università,Maschi,Forlì-Cesena,provincia,2019,46.6,Tasso specifico di coorte,Ministero dell'Istruzione; Ministero dell'Università e Ricerca
02IST004,Passaggio all'università,Maschi,Forlì-Cesena,provincia,2020,48.2,Tasso specifico di coorte,Ministero dell'Istruzione; Ministero dell'Università e Ricerca
02IST004,Passaggio all'università,Maschi,Forlì-Cesena,provincia,2021,46.6,Tasso specifico di coorte,Ministero dell'Istruzione; Ministero dell'Università e Ricerca
02IST004,Passaggio all'università,Maschi,Forlì-Cesena,provincia,2022,48.1,Tasso specifico di coorte,Ministero dell'Istruzione; Ministero dell'Università e Ricerca
02IST004,Passaggio all'università,Maschi,Rimini,provincia,2017,43.7,Tasso specifico di coorte,Ministero dell'Istruzione; Ministero dell'Università e Ricerca
02IST004,Passaggio all'università,Maschi,Rimini,provincia,2018,43.4,Tasso specifico di coorte,Ministero dell'Istruzione; Ministero dell'Università e Ricerca
02IST004,Passaggio all'università,Maschi,Rimini,provincia,2019,45.4,Tasso specifico di coorte,Ministero dell'Istruzione; Ministero dell'Università e Ricerca
02IST004,Passaggio all'università,Maschi,Rimini,provincia,2020,44.1,Tasso specifico di coorte,Ministero dell'Istruzione; Ministero dell'Università e Ricerca
02IST004,Passaggio all'università,Maschi,Rimini,provincia,2021,46.3,Tasso specifico di coorte,Ministero dell'Istruzione; Ministero dell'Università e Ricerca
02IST004,Passaggio all'università,Maschi,Rimini,provincia,2022,43.6,Tasso specifico di coorte,Ministero dell'Istruzione; Ministero dell'Università e Ricerca
02IST004,Passaggio all'università,Maschi,Nord-est,ripartizione,2017,47,Tasso specifico di coorte,Ministero dell'Istruzione; Ministero dell'Università e Ricerca
02IST004,Passaggio all'università,Maschi,Nord-est,ripartizione,2018,45.6,Tasso specifico di coorte,Ministero dell'Istruzione; Ministero dell'Università e Ricerca
02IST004,Passaggio all'università,Maschi,Nord-est,ripartizione,2019,46.4,Tasso specifico di coorte,Ministero dell'Istruzione; Ministero dell'Università e Ricerca
02IST004,Passaggio all'università,Maschi,Nord-est,ripartizione,2020,47,Tasso specifico di coorte,Ministero dell'Istruzione; Ministero dell'Università e Ricerca
02IST004,Passaggio all'università,Maschi,Nord-est,ripartizione,2021,46.8,Tasso specifico di coorte,Ministero dell'Istruzione; Ministero dell'Università e Ricerca
02IST004,Passaggio all'università,Maschi,Nord-est,ripartizione,2022,46.7,Tasso specifico di coorte,Ministero dell'Istruzione; Ministero dell'Università e Ricerca
02IST004,Passaggio all'università,Maschi,Italia,italia,2017,44.7,Tasso specifico di coorte,Ministero dell'Istruzione; Ministero dell'Università e Ricerca
02IST004,Passaggio all'università,Maschi,Italia,italia,2018,44.5,Tasso specifico di coorte,Ministero dell'Istruzione; Ministero dell'Università e Ricerca
02IST004,Passaggio all'università,Maschi,Italia,italia,2019,45.1,Tasso specifico di coorte,Ministero dell'Istruzione; Ministero dell'Università e Ricerca
02IST004,Passaggio all'università,Maschi,Italia,italia,2020,44.7,Tasso specifico di coorte,Ministero dell'Istruzione; Ministero dell'Università e Ricerca
02IST004,Passaggio all'università,Maschi,Italia,italia,2021,44.5,Tasso specifico di coorte,Ministero dell'Istruzione; Ministero dell'Università e Ricerca
02IST004,Passaggio all'università,Maschi,Italia,italia,2022,45.2,Tasso specifico di coorte,Ministero dell'Istruzione; Ministero dell'Università e Ricerca
02IST004,Passaggio all'università,Totale,Emilia-Romagna,regione,2014,51.7,Tasso specifico di coorte,Ministero dell'Istruzione; Ministero dell'Università e Ricerca
02IST004,Passaggio all'università,Totale,Emilia-Romagna,regione,2015,52.9,Tasso specifico di coorte,Ministero dell'Istruzione; Ministero dell'Università e Ricerca
02IST004,Passaggio all'università,Totale,Emilia-Romagna,regione,2016,51.5,Tasso specifico di coorte,Ministero dell'Istruzione; Ministero dell'Università e Ricerca
02IST004,Passaggio all'università,Totale,Emilia-Romagna,regione,2017,53,Tasso specifico di coorte,Ministero dell'Istruzione; Ministero dell'Università e Ricerca
02IST004,Passaggio all'università,Totale,Emilia-Romagna,regione,2018,53.6,Tasso specifico di coorte,Ministero dell'Istruzione; Ministero dell'Università e Ricerca
02IST004,Passaggio all'università,Totale,Emilia-Romagna,regione,2019,54.9,Tasso specifico di coorte,Ministero dell'Istruzione; Ministero dell'Università e Ricerca
02IST004,Passaggio all'università,Totale,Emilia-Romagna,regione,2020,55.6,Tasso specifico di coorte,Ministero dell'Istruzione; Ministero dell'Università e Ricerca
02IST004,Passaggio all'università,Totale,Emilia-Romagna,regione,2021,54.9,Tasso specifico di coorte,Ministero dell'Istruzione; Ministero dell'Università e Ricerca
02IST004,Passaggio all'università,Totale,Emilia-Romagna,regione,2022,54.5,Tasso specifico di coorte,Ministero dell'Istruzione; Ministero dell'Università e Ricerca
02IST004,Passaggio all'università,Totale,Piacenza,provincia,2014,52.4,Tasso specifico di coorte,Ministero dell'Istruzione; Ministero dell'Università e Ricerca
02IST004,Passaggio all'università,Totale,Piacenza,provincia,2015,52.4,Tasso specifico di coorte,Ministero dell'Istruzione; Ministero dell'Università e Ricerca
02IST004,Passaggio all'università,Totale,Piacenza,provincia,2016,52.5,Tasso specifico di coorte,Ministero dell'Istruzione; Ministero dell'Università e Ricerca
02IST004,Passaggio all'università,Totale,Piacenza,provincia,2017,54.4,Tasso specifico di coorte,Ministero dell'Istruzione; Ministero dell'Università e Ricerca
02IST004,Passaggio all'università,Totale,Piacenza,provincia,2018,56,Tasso specifico di coorte,Ministero dell'Istruzione; Ministero dell'Università e Ricerca
02IST004,Passaggio all'università,Totale,Piacenza,provincia,2019,56.4,Tasso specifico di coorte,Ministero dell'Istruzione; Ministero dell'Università e Ricerca
02IST004,Passaggio all'università,Totale,Piacenza,provincia,2020,54.7,Tasso specifico di coorte,Ministero dell'Istruzione; Ministero dell'Università e Ricerca
02IST004,Passaggio all'università,Totale,Piacenza,provincia,2021,56.7,Tasso specifico di coorte,Ministero dell'Istruzione; Ministero dell'Università e Ricerca
02IST004,Passaggio all'università,Totale,Piacenza,provincia,2022,58.6,Tasso specifico di coorte,Ministero dell'Istruzione; Ministero dell'Università e Ricerca
02IST004,Passaggio all'università,Totale,Parma,provincia,2014,53.4,Tasso specifico di coorte,Ministero dell'Istruzione; Ministero dell'Università e Ricerca
02IST004,Passaggio all'università,Totale,Parma,provincia,2015,56.2,Tasso specifico di coorte,Ministero dell'Istruzione; Ministero dell'Università e Ricerca
02IST004,Passaggio all'università,Totale,Parma,provincia,2016,57.4,Tasso specifico di coorte,Ministero dell'Istruzione; Ministero dell'Università e Ricerca
02IST004,Passaggio all'università,Totale,Parma,provincia,2017,59.5,Tasso specifico di coorte,Ministero dell'Istruzione; Ministero dell'Università e Ricerca
02IST004,Passaggio all'università,Totale,Parma,provincia,2018,60.3,Tasso specifico di coorte,Ministero dell'Istruzione; Ministero dell'Università e Ricerca
02IST004,Passaggio all'università,Totale,Parma,provincia,2019,60.8,Tasso specifico di coorte,Ministero dell'Istruzione; Ministero dell'Università e Ricerca
02IST004,Passaggio all'università,Totale,Parma,provincia,2020,60.7,Tasso specifico di coorte,Ministero dell'Istruzione; Ministero dell'Università e Ricerca
02IST004,Passaggio all'università,Totale,Parma,provincia,2021,60.1,Tasso specifico di coorte,Ministero dell'Istruzione; Ministero dell'Università e Ricerca
02IST004,Passaggio all'università,Totale,Parma,provincia,2022,61.8,Tasso specifico di coorte,Ministero dell'Istruzione; Ministero dell'Università e Ricerca
02IST004,Passaggio all'università,Totale,Reggio nell'Emilia,provincia,2014,47.8,Tasso specifico di coorte,Ministero dell'Istruzione; Ministero dell'Università e Ricerca
02IST004,Passaggio all'università,Totale,Reggio nell'Emilia,provincia,2015,50.3,Tasso specifico di coorte,Ministero dell'Istruzione; Ministero dell'Università e Ricerca
02IST004,Passaggio all'università,Totale,Reggio nell'Emilia,provincia,2016,51.1,Tasso specifico di coorte,Ministero dell'Istruzione; Ministero dell'Università e Ricerca
02IST004,Passaggio all'università,Totale,Reggio nell'Emilia,provincia,2017,51.6,Tasso specifico di coorte,Ministero dell'Istruzione; Ministero dell'Università e Ricerca
02IST004,Passaggio all'università,Totale,Reggio nell'Emilia,provincia,2018,50.9,Tasso specifico di coorte,Ministero dell'Istruzione; Ministero dell'Università e Ricerca
02IST004,Passaggio all'università,Totale,Reggio nell'Emilia,provincia,2019,52.5,Tasso specifico di coorte,Ministero dell'Istruzione; Ministero dell'Università e Ricerca
02IST004,Passaggio all'università,Totale,Reggio nell'Emilia,provincia,2020,55.7,Tasso specifico di coorte,Ministero dell'Istruzione; Ministero dell'Università e Ricerca
02IST004,Passaggio all'università,Totale,Reggio nell'Emilia,provincia,2021,51.7,Tasso specifico di coorte,Ministero dell'Istruzione; Ministero dell'Università e Ricerca
02IST004,Passaggio all'università,Totale,Reggio nell'Emilia,provincia,2022,52.8,Tasso specifico di coorte,Ministero dell'Istruzione; Ministero dell'Università e Ricerca
02IST004,Passaggio all'università,Totale,Modena,provincia,2014,52.3,Tasso specifico di coorte,Ministero dell'Istruzione; Ministero dell'Università e Ricerca
02IST004,Passaggio all'università,Totale,Modena,provincia,2015,54.8,Tasso specifico di coorte,Ministero dell'Istruzione; Ministero dell'Università e Ricerca
02IST004,Passaggio all'università,Totale,Modena,provincia,2016,52.3,Tasso specifico di coorte,Ministero dell'Istruzione; Ministero dell'Università e Ricerca
02IST004,Passaggio all'università,Totale,Modena,provincia,2017,53.8,Tasso specifico di coorte,Ministero dell'Istruzione; Ministero dell'Università e Ricerca
02IST004,Passaggio all'università,Totale,Modena,provincia,2018,53.3,Tasso specifico di coorte,Ministero dell'Istruzione; Ministero dell'Università e Ricerca
02IST004,Passaggio all'università,Totale,Modena,provincia,2019,54.8,Tasso specifico di coorte,Ministero dell'Istruzione; Ministero dell'Università e Ricerca
02IST004,Passaggio all'università,Totale,Modena,provincia,2020,55,Tasso specifico di coorte,Ministero dell'Istruzione; Ministero dell'Università e Ricerca
02IST004,Passaggio all'università,Totale,Modena,provincia,2021,52.4,Tasso specifico di coorte,Ministero dell'Istruzione; Ministero dell'Università e Ricerca
02IST004,Passaggio all'università,Totale,Modena,provincia,2022,52.2,Tasso specifico di coorte,Ministero dell'Istruzione; Ministero dell'Università e Ricerca
02IST004,Passaggio all'università,Totale,Bologna,provincia,2014,54.2,Tasso specifico di coorte,Ministero dell'Istruzione; Ministero dell'Università e Ricerca
02IST004,Passaggio all'università,Totale,Bologna,provincia,2015,55.9,Tasso specifico di coorte,Ministero dell'Istruzione; Ministero dell'Università e Ricerca
02IST004,Passaggio all'università,Totale,Bologna,provincia,2016,52.4,Tasso specifico di coorte,Ministero dell'Istruzione; Ministero dell'Università e Ricerca
02IST004,Passaggio all'università,Totale,Bologna,provincia,2017,54,Tasso specifico di coorte,Ministero dell'Istruzione; Ministero dell'Università e Ricerca
02IST004,Passaggio all'università,Totale,Bologna,provincia,2018,54.6,Tasso specifico di coorte,Ministero dell'Istruzione; Ministero dell'Università e Ricerca
02IST004,Passaggio all'università,Totale,Bologna,provincia,2019,56.7,Tasso specifico di coorte,Ministero dell'Istruzione; Ministero dell'Università e Ricerca
02IST004,Passaggio all'università,Totale,Bologna,provincia,2020,56.5,Tasso specifico di coorte,Ministero dell'Istruzione; Ministero dell'Università e Ricerca
02IST004,Passaggio all'università,Totale,Bologna,provincia,2021,58.4,Tasso specifico di coorte,Ministero dell'Istruzione; Ministero dell'Università e Ricerca
02IST004,Passaggio all'università,Totale,Bologna,provincia,2022,56.3,Tasso specifico di coorte,Ministero dell'Istruzione; Ministero dell'Università e Ricerca
02IST004,Passaggio all'università,Totale,Ferrara,provincia,2014,53.6,Tasso specifico di coorte,Ministero dell'Istruzione; Ministero dell'Università e Ricerca
02IST004,Passaggio all'università,Totale,Ferrara,provincia,2015,56.1,Tasso specifico di coorte,Ministero dell'Istruzione; Ministero dell'Università e Ricerca
02IST004,Passaggio all'università,Totale,Ferrara,provincia,2016,53.6,Tasso specifico di coorte,Ministero dell'Istruzione; Ministero dell'Università e Ricerca
02IST004,Passaggio all'università,Totale,Ferrara,provincia,2017,54.8,Tasso specifico di coorte,Ministero dell'Istruzione; Ministero dell'Università e Ricerca
02IST004,Passaggio all'università,Totale,Ferrara,provincia,2018,53.5,Tasso specifico di coorte,Ministero dell'Istruzione; Ministero dell'Università e Ricerca
02IST004,Passaggio all'università,Totale,Ferrara,provincia,2019,56.4,Tasso specifico di coorte,Ministero dell'Istruzione; Ministero dell'Università e Ricerca
02IST004,Passaggio all'università,Totale,Ferrara,provincia,2020,58,Tasso specifico di coorte,Ministero dell'Istruzione; Ministero dell'Università e Ricerca
02IST004,Passaggio all'università,Totale,Ferrara,provincia,2021,57.1,Tasso specifico di coorte,Ministero dell'Istruzione; Ministero dell'Università e Ricerca
02IST004,Passaggio all'università,Totale,Ferrara,provincia,2022,55.9,Tasso specifico di coorte,Ministero dell'Istruzione; Ministero dell'Università e Ricerca
02IST004,Passaggio all'università,Totale,Ravenna,provincia,2014,49,Tasso specifico di coorte,Ministero dell'Istruzione; Ministero dell'Università e Ricerca
02IST004,Passaggio all'università,Totale,Ravenna,provincia,2015,48.7,Tasso specifico di coorte,Ministero dell'Istruzione; Ministero dell'Università e Ricerca
02IST004,Passaggio all'università,Totale,Ravenna,provincia,2016,46.5,Tasso specifico di coorte,Ministero dell'Istruzione; Ministero dell'Università e Ricerca
02IST004,Passaggio all'università,Totale,Ravenna,provincia,2017,46.4,Tasso specifico di coorte,Ministero dell'Istruzione; Ministero dell'Università e Ricerca
02IST004,Passaggio all'università,Totale,Ravenna,provincia,2018,50,Tasso specifico di coorte,Ministero dell'Istruzione; Ministero dell'Università e Ricerca
02IST004,Passaggio all'università,Totale,Ravenna,provincia,2019,50.1,Tasso specifico di coorte,Ministero dell'Istruzione; Ministero dell'Università e Ricerca
02IST004,Passaggio all'università,Totale,Ravenna,provincia,2020,51.7,Tasso specifico di coorte,Ministero dell'Istruzione; Ministero dell'Università e Ricerca
02IST004,Passaggio all'università,Totale,Ravenna,provincia,2021,49.4,Tasso specifico di coorte,Ministero dell'Istruzione; Ministero dell'Università e Ricerca
02IST004,Passaggio all'università,Totale,Ravenna,provincia,2022,48.3,Tasso specifico di coorte,Ministero dell'Istruzione; Ministero dell'Università e Ricerca
02IST004,Passaggio all'università,Totale,Forlì-Cesena,provincia,2014,50.9,Tasso specifico di coorte,Ministero dell'Istruzione; Ministero dell'Università e Ricerca
02IST004,Passaggio all'università,Totale,Forlì-Cesena,provincia,2015,50.9,Tasso specifico di coorte,Ministero dell'Istruzione; Ministero dell'Università e Ricerca
02IST004,Passaggio all'università,Totale,Forlì-Cesena,provincia,2016,48.9,Tasso specifico di coorte,Ministero dell'Istruzione; Ministero dell'Università e Ricerca
02IST004,Passaggio all'università,Totale,Forlì-Cesena,provincia,2017,51.9,Tasso specifico di coorte,Ministero dell'Istruzione; Ministero dell'Università e Ricerca
02IST004,Passaggio all'università,Totale,Forlì-Cesena,provincia,2018,53,Tasso specifico di coorte,Ministero dell'Istruzione; Ministero dell'Università e Ricerca
02IST004,Passaggio all'università,Totale,Forlì-Cesena,provincia,2019,53.1,Tasso specifico di coorte,Ministero dell'Istruzione; Ministero dell'Università e Ricerca
02IST004,Passaggio all'università,Totale,Forlì-Cesena,provincia,2020,54.7,Tasso specifico di coorte,Ministero dell'Istruzione; Ministero dell'Università e Ricerca
02IST004,Passaggio all'università,Totale,Forlì-Cesena,provincia,2021,53.9,Tasso specifico di coorte,Ministero dell'Istruzione; Ministero dell'Università e Ricerca
02IST004,Passaggio all'università,Totale,Forlì-Cesena,provincia,2022,54.3,Tasso specifico di coorte,Ministero dell'Istruzione; Ministero dell'Università e Ricerca
02IST004,Passaggio all'università,Totale,Rimini,provincia,2014,48.5,Tasso specifico di coorte,Ministero dell'Istruzione; Ministero dell'Università e Ricerca
02IST004,Passaggio all'università,Totale,Rimini,provincia,2015,45.4,Tasso specifico di coorte,Ministero dell'Istruzione; Ministero dell'Università e Ricerca
02IST004,Passaggio all'università,Totale,Rimini,provincia,2016,45.4,Tasso specifico di coorte,Ministero dell'Istruzione; Ministero dell'Università e Ricerca
02IST004,Passaggio all'università,Totale,Rimini,provincia,2017,47.7,Tasso specifico di coorte,Ministero dell'Istruzione; Ministero dell'Università e Ricerca
02IST004,Passaggio all'università,Totale,Rimini,provincia,2018,49.5,Tasso specifico di coorte,Ministero dell'Istruzione; Ministero dell'Università e Ricerca
02IST004,Passaggio all'università,Totale,Rimini,provincia,2019,50.5,Tasso specifico di coorte,Ministero dell'Istruzione; Ministero dell'Università e Ricerca
02IST004,Passaggio all'università,Totale,Rimini,provincia,2020,51.5,Tasso specifico di coorte,Ministero dell'Istruzione; Ministero dell'Università e Ricerca
02IST004,Passaggio all'università,Totale,Rimini,provincia,2021,52.2,Tasso specifico di coorte,Ministero dell'Istruzione; Ministero dell'Università e Ricerca
02IST004,Passaggio all'università,Totale,Rimini,provincia,2022,49.9,Tasso specifico di coorte,Ministero dell'Istruzione; Ministero dell'Università e Ricerca
02IST004,Passaggio all'università,Totale,Nord-est,ripartizione,2014,NA,Tasso specifico di coorte,Ministero dell'Istruzione; Ministero dell'Università e Ricerca
02IST004,Passaggio all'università,Totale,Nord-est,ripartizione,2015,NA,Tasso specifico di coorte,Ministero dell'Istruzione; Ministero dell'Università e Ricerca
02IST004,Passaggio all'università,Totale,Nord-est,ripartizione,2016,NA,Tasso specifico di coorte,Ministero dell'Istruzione; Ministero dell'Università e Ricerca
02IST004,Passaggio all'università,Totale,Nord-est,ripartizione,2017,51.7,Tasso specifico di coorte,Ministero dell'Istruzione; Ministero dell'Università e Ricerca
02IST004,Passaggio all'università,Totale,Nord-est,ripartizione,2018,50.3,Tasso specifico di coorte,Ministero dell'Istruzione; Ministero dell'Università e Ricerca
02IST004,Passaggio all'università,Totale,Nord-est,ripartizione,2019,51,Tasso specifico di coorte,Ministero dell'Istruzione; Ministero dell'Università e Ricerca
02IST004,Passaggio all'università,Totale,Nord-est,ripartizione,2020,52.6,Tasso specifico di coorte,Ministero dell'Istruzione; Ministero dell'Università e Ricerca
02IST004,Passaggio all'università,Totale,Nord-est,ripartizione,2021,52.3,Tasso specifico di coorte,Ministero dell'Istruzione; Ministero dell'Università e Ricerca
02IST004,Passaggio all'università,Totale,Nord-est,ripartizione,2022,52.2,Tasso specifico di coorte,Ministero dell'Istruzione; Ministero dell'Università e Ricerca
02IST004,Passaggio all'università,Totale,Italia,italia,2014,49.1,Tasso specifico di coorte,Ministero dell'Istruzione; Ministero dell'Università e Ricerca
02IST004,Passaggio all'università,Totale,Italia,italia,2015,50.3,Tasso specifico di coorte,Ministero dell'Istruzione; Ministero dell'Università e Ricerca
02IST004,Passaggio all'università,Totale,Italia,italia,2016,50.3,Tasso specifico di coorte,Ministero dell'Istruzione; Ministero dell'Università e Ricerca
02IST004,Passaggio all'università,Totale,Italia,italia,2017,50.5,Tasso specifico di coorte,Ministero dell'Istruzione; Ministero dell'Università e Ricerca
02IST004,Passaggio all'università,Totale,Italia,italia,2018,50.4,Tasso specifico di coorte,Ministero dell'Istruzione; Ministero dell'Università e Ricerca
02IST004,Passaggio all'università,Totale,Italia,italia,2019,51.4,Tasso specifico di coorte,Ministero dell'Istruzione; Ministero dell'Università e Ricerca
02IST004,Passaggio all'università,Totale,Italia,italia,2020,51.9,Tasso specifico di coorte,Ministero dell'Istruzione; Ministero dell'Università e Ricerca
02IST004,Passaggio all'università,Totale,Italia,italia,2021,51.4,Tasso specifico di coorte,Ministero dell'Istruzione; Ministero dell'Università e Ricerca
02IST004,Passaggio all'università,Totale,Italia,italia,2022,51.7,Tasso specifico di coorte,Ministero dell'Istruzione; Ministero dell'Università e Ricerca
02IST006-N22,Giovani che non lavorano e non studiano (NEET),Totale,Emilia-Romagna,regione,2018,15.3,Valori percentuali,Istat - Rilevazione sulle Forze di lavoro
02IST006-N22,Giovani che non lavorano e non studiano (NEET),Totale,Emilia-Romagna,regione,2019,14.1,Valori percentuali,Istat - Rilevazione sulle Forze di lavoro
02IST006-N22,Giovani che non lavorano e non studiano (NEET),Totale,Emilia-Romagna,regione,2020,16,Valori percentuali,Istat - Rilevazione sulle Forze di lavoro
02IST006-N22,Giovani che non lavorano e non studiano (NEET),Totale,Emilia-Romagna,regione,2021,15.1,Valori percentuali,Istat - Rilevazione sulle Forze di lavoro
02IST006-N22,Giovani che non lavorano e non studiano (NEET),Totale,Emilia-Romagna,regione,2022,12.2,Valori percentuali,Istat - Rilevazione sulle Forze di lavoro
02IST006-N22,Giovani che non lavorano e non studiano (NEET),Totale,Emilia-Romagna,regione,2023,11,Valori percentuali,Istat - Rilevazione sulle Forze di lavoro
02IST006-N22,Giovani che non lavorano e non studiano (NEET),Totale,Emilia-Romagna,regione,2024,9.6,Valori percentuali,Istat - Rilevazione sulle Forze di lavoro
02IST006-N22,Giovani che non lavorano e non studiano (NEET),Totale,Piacenza,provincia,2018,15.1,Valori percentuali,Istat - Rilevazione sulle Forze di lavoro
02IST006-N22,Giovani che non lavorano e non studiano (NEET),Totale,Piacenza,provincia,2019,15.7,Valori percentuali,Istat - Rilevazione sulle Forze di lavoro
02IST006-N22,Giovani che non lavorano e non studiano (NEET),Totale,Piacenza,provincia,2020,16.9,Valori percentuali,Istat - Rilevazione sulle Forze di lavoro
02IST006-N22,Giovani che non lavorano e non studiano (NEET),Totale,Piacenza,provincia,2021,15.2,Valori percentuali,Istat - Rilevazione sulle Forze di lavoro
02IST006-N22,Giovani che non lavorano e non studiano (NEET),Totale,Piacenza,provincia,2022,15.3,Valori percentuali,Istat - Rilevazione sulle Forze di lavoro
02IST006-N22,Giovani che non lavorano e non studiano (NEET),Totale,Piacenza,provincia,2023,11.2,Valori percentuali,Istat - Rilevazione sulle Forze di lavoro
02IST006-N22,Giovani che non lavorano e non studiano (NEET),Totale,Piacenza,provincia,2024,10.5,Valori percentuali,Istat - Rilevazione sulle Forze di lavoro
02IST006-N22,Giovani che non lavorano e non studiano (NEET),Totale,Parma,provincia,2018,14,Valori percentuali,Istat - Rilevazione sulle Forze di lavoro
02IST006-N22,Giovani che non lavorano e non studiano (NEET),Totale,Parma,provincia,2019,12.9,Valori percentuali,Istat - Rilevazione sulle Forze di lavoro
02IST006-N22,Giovani che non lavorano e non studiano (NEET),Totale,Parma,provincia,2020,16,Valori percentuali,Istat - Rilevazione sulle Forze di lavoro
02IST006-N22,Giovani che non lavorano e non studiano (NEET),Totale,Parma,provincia,2021,16.3,Valori percentuali,Istat - Rilevazione sulle Forze di lavoro
02IST006-N22,Giovani che non lavorano e non studiano (NEET),Totale,Parma,provincia,2022,10.9,Valori percentuali,Istat - Rilevazione sulle Forze di lavoro
02IST006-N22,Giovani che non lavorano e non studiano (NEET),Totale,Parma,provincia,2023,8.4,Valori percentuali,Istat - Rilevazione sulle Forze di lavoro
02IST006-N22,Giovani che non lavorano e non studiano (NEET),Totale,Parma,provincia,2024,10.9,Valori percentuali,Istat - Rilevazione sulle Forze di lavoro
02IST006-N22,Giovani che non lavorano e non studiano (NEET),Totale,Reggio nell'Emilia,provincia,2018,12.6,Valori percentuali,Istat - Rilevazione sulle Forze di lavoro
02IST006-N22,Giovani che non lavorano e non studiano (NEET),Totale,Reggio nell'Emilia,provincia,2019,12.2,Valori percentuali,Istat - Rilevazione sulle Forze di lavoro
02IST006-N22,Giovani che non lavorano e non studiano (NEET),Totale,Reggio nell'Emilia,provincia,2020,15.4,Valori percentuali,Istat - Rilevazione sulle Forze di lavoro
02IST006-N22,Giovani che non lavorano e non studiano (NEET),Totale,Reggio nell'Emilia,provincia,2021,16.4,Valori percentuali,Istat - Rilevazione sulle Forze di lavoro
02IST006-N22,Giovani che non lavorano e non studiano (NEET),Totale,Reggio nell'Emilia,provincia,2022,11.6,Valori percentuali,Istat - Rilevazione sulle Forze di lavoro
02IST006-N22,Giovani che non lavorano e non studiano (NEET),Totale,Reggio nell'Emilia,provincia,2023,10.4,Valori percentuali,Istat - Rilevazione sulle Forze di lavoro
02IST006-N22,Giovani che non lavorano e non studiano (NEET),Totale,Reggio nell'Emilia,provincia,2024,9.1,Valori percentuali,Istat - Rilevazione sulle Forze di lavoro
02IST006-N22,Giovani che non lavorano e non studiano (NEET),Totale,Modena,provincia,2018,14.6,Valori percentuali,Istat - Rilevazione sulle Forze di lavoro
02IST006-N22,Giovani che non lavorano e non studiano (NEET),Totale,Modena,provincia,2019,12.9,Valori percentuali,Istat - Rilevazione sulle Forze di lavoro
02IST006-N22,Giovani che non lavorano e non studiano (NEET),Totale,Modena,provincia,2020,16.1,Valori percentuali,Istat - Rilevazione sulle Forze di lavoro
02IST006-N22,Giovani che non lavorano e non studiano (NEET),Totale,Modena,provincia,2021,17.9,Valori percentuali,Istat - Rilevazione sulle Forze di lavoro
02IST006-N22,Giovani che non lavorano e non studiano (NEET),Totale,Modena,provincia,2022,12.1,Valori percentuali,Istat - Rilevazione sulle Forze di lavoro
02IST006-N22,Giovani che non lavorano e non studiano (NEET),Totale,Modena,provincia,2023,9.5,Valori percentuali,Istat - Rilevazione sulle Forze di lavoro
02IST006-N22,Giovani che non lavorano e non studiano (NEET),Totale,Modena,provincia,2024,9,Valori percentuali,Istat - Rilevazione sulle Forze di lavoro
02IST006-N22,Giovani che non lavorano e non studiano (NEET),Totale,Bologna,provincia,2018,13.8,Valori percentuali,Istat - Rilevazione sulle Forze di lavoro
02IST006-N22,Giovani che non lavorano e non studiano (NEET),Totale,Bologna,provincia,2019,13.7,Valori percentuali,Istat - Rilevazione sulle Forze di lavoro
02IST006-N22,Giovani che non lavorano e non studiano (NEET),Totale,Bologna,provincia,2020,15.9,Valori percentuali,Istat - Rilevazione sulle Forze di lavoro
02IST006-N22,Giovani che non lavorano e non studiano (NEET),Totale,Bologna,provincia,2021,10.9,Valori percentuali,Istat - Rilevazione sulle Forze di lavoro
02IST006-N22,Giovani che non lavorano e non studiano (NEET),Totale,Bologna,provincia,2022,13.1,Valori percentuali,Istat - Rilevazione sulle Forze di lavoro
02IST006-N22,Giovani che non lavorano e non studiano (NEET),Totale,Bologna,provincia,2023,11.3,Valori percentuali,Istat - Rilevazione sulle Forze di lavoro
02IST006-N22,Giovani che non lavorano e non studiano (NEET),Totale,Bologna,provincia,2024,9.1,Valori percentuali,Istat - Rilevazione sulle Forze di lavoro
02IST006-N22,Giovani che non lavorano e non studiano (NEET),Totale,Ferrara,provincia,2018,17.7,Valori percentuali,Istat - Rilevazione sulle Forze di lavoro
02IST006-N22,Giovani che non lavorano e non studiano (NEET),Totale,Ferrara,provincia,2019,15.5,Valori percentuali,Istat - Rilevazione sulle Forze di lavoro
02IST006-N22,Giovani che non lavorano e non studiano (NEET),Totale,Ferrara,provincia,2020,10.8,Valori percentuali,Istat - Rilevazione sulle Forze di lavoro
02IST006-N22,Giovani che non lavorano e non studiano (NEET),Totale,Ferrara,provincia,2021,16.1,Valori percentuali,Istat - Rilevazione sulle Forze di lavoro
02IST006-N22,Giovani che non lavorano e non studiano (NEET),Totale,Ferrara,provincia,2022,17.7,Valori percentuali,Istat - Rilevazione sulle Forze di lavoro
02IST006-N22,Giovani che non lavorano e non studiano (NEET),Totale,Ferrara,provincia,2023,12.5,Valori percentuali,Istat - Rilevazione sulle Forze di lavoro
02IST006-N22,Giovani che non lavorano e non studiano (NEET),Totale,Ferrara,provincia,2024,9.1,Valori percentuali,Istat - Rilevazione sulle Forze di lavoro
02IST006-N22,Giovani che non lavorano e non studiano (NEET),Totale,Ravenna,provincia,2018,18.3,Valori percentuali,Istat - Rilevazione sulle Forze di lavoro
02IST006-N22,Giovani che non lavorano e non studiano (NEET),Totale,Ravenna,provincia,2019,14.2,Valori percentuali,Istat - Rilevazione sulle Forze di lavoro
02IST006-N22,Giovani che non lavorano e non studiano (NEET),Totale,Ravenna,provincia,2020,19.1,Valori percentuali,Istat - Rilevazione sulle Forze di lavoro
02IST006-N22,Giovani che non lavorano e non studiano (NEET),Totale,Ravenna,provincia,2021,14.4,Valori percentuali,Istat - Rilevazione sulle Forze di lavoro
02IST006-N22,Giovani che non lavorano e non studiano (NEET),Totale,Ravenna,provincia,2022,8.8,Valori percentuali,Istat - Rilevazione sulle Forze di lavoro
02IST006-N22,Giovani che non lavorano e non studiano (NEET),Totale,Ravenna,provincia,2023,12.8,Valori percentuali,Istat - Rilevazione sulle Forze di lavoro
02IST006-N22,Giovani che non lavorano e non studiano (NEET),Totale,Ravenna,provincia,2024,11,Valori percentuali,Istat - Rilevazione sulle Forze di lavoro
02IST006-N22,Giovani che non lavorano e non studiano (NEET),Totale,Forlì-Cesena,provincia,2018,14.9,Valori percentuali,Istat - Rilevazione sulle Forze di lavoro
02IST006-N22,Giovani che non lavorano e non studiano (NEET),Totale,Forlì-Cesena,provincia,2019,17.3,Valori percentuali,Istat - Rilevazione sulle Forze di lavoro
02IST006-N22,Giovani che non lavorano e non studiano (NEET),Totale,Forlì-Cesena,provincia,2020,14.5,Valori percentuali,Istat - Rilevazione sulle Forze di lavoro
02IST006-N22,Giovani che non lavorano e non studiano (NEET),Totale,Forlì-Cesena,provincia,2021,13.8,Valori percentuali,Istat - Rilevazione sulle Forze di lavoro
02IST006-N22,Giovani che non lavorano e non studiano (NEET),Totale,Forlì-Cesena,provincia,2022,7.6,Valori percentuali,Istat - Rilevazione sulle Forze di lavoro
02IST006-N22,Giovani che non lavorano e non studiano (NEET),Totale,Forlì-Cesena,provincia,2023,11.9,Valori percentuali,Istat - Rilevazione sulle Forze di lavoro
02IST006-N22,Giovani che non lavorano e non studiano (NEET),Totale,Forlì-Cesena,provincia,2024,10.9,Valori percentuali,Istat - Rilevazione sulle Forze di lavoro
02IST006-N22,Giovani che non lavorano e non studiano (NEET),Totale,Rimini,provincia,2018,22.9,Valori percentuali,Istat - Rilevazione sulle Forze di lavoro
02IST006-N22,Giovani che non lavorano e non studiano (NEET),Totale,Rimini,provincia,2019,16.3,Valori percentuali,Istat - Rilevazione sulle Forze di lavoro
02IST006-N22,Giovani che non lavorano e non studiano (NEET),Totale,Rimini,provincia,2020,19.5,Valori percentuali,Istat - Rilevazione sulle Forze di lavoro
02IST006-N22,Giovani che non lavorano e non studiano (NEET),Totale,Rimini,provincia,2021,19.4,Valori percentuali,Istat - Rilevazione sulle Forze di lavoro
02IST006-N22,Giovani che non lavorano e non studiano (NEET),Totale,Rimini,provincia,2022,14,Valori percentuali,Istat - Rilevazione sulle Forze di lavoro
02IST006-N22,Giovani che non lavorano e non studiano (NEET),Totale,Rimini,provincia,2023,13.1,Valori percentuali,Istat - Rilevazione sulle Forze di lavoro
02IST006-N22,Giovani che non lavorano e non studiano (NEET),Totale,Rimini,provincia,2024,7.4,Valori percentuali,Istat - Rilevazione sulle Forze di lavoro
02IST006-N22,Giovani che non lavorano e non studiano (NEET),Totale,Nord-est,ripartizione,2018,14.7,Valori percentuali,Istat - Rilevazione sulle Forze di lavoro
02IST006-N22,Giovani che non lavorano e non studiano (NEET),Totale,Nord-est,ripartizione,2019,13,Valori percentuali,Istat - Rilevazione sulle Forze di lavoro
02IST006-N22,Giovani che non lavorano e non studiano (NEET),Totale,Nord-est,ripartizione,2020,15,Valori percentuali,Istat - Rilevazione sulle Forze di lavoro
02IST006-N22,Giovani che non lavorano e non studiano (NEET),Totale,Nord-est,ripartizione,2021,14.7,Valori percentuali,Istat - Rilevazione sulle Forze di lavoro
02IST006-N22,Giovani che non lavorano e non studiano (NEET),Totale,Nord-est,ripartizione,2022,12.5,Valori percentuali,Istat - Rilevazione sulle Forze di lavoro
02IST006-N22,Giovani che non lavorano e non studiano (NEET),Totale,Nord-est,ripartizione,2023,10.6,Valori percentuali,Istat - Rilevazione sulle Forze di lavoro
02IST006-N22,Giovani che non lavorano e non studiano (NEET),Totale,Nord-est,ripartizione,2024,9.2,Valori percentuali,Istat - Rilevazione sulle Forze di lavoro
02IST006-N22,Giovani che non lavorano e non studiano (NEET),Totale,Italia,italia,2018,23.2,Valori percentuali,Istat - Rilevazione sulle Forze di lavoro
02IST006-N22,Giovani che non lavorano e non studiano (NEET),Totale,Italia,italia,2019,22.1,Valori percentuali,Istat - Rilevazione sulle Forze di lavoro
02IST006-N22,Giovani che non lavorano e non studiano (NEET),Totale,Italia,italia,2020,23.7,Valori percentuali,Istat - Rilevazione sulle Forze di lavoro
02IST006-N22,Giovani che non lavorano e non studiano (NEET),Totale,Italia,italia,2021,23.1,Valori percentuali,Istat - Rilevazione sulle Forze di lavoro
02IST006-N22,Giovani che non lavorano e non studiano (NEET),Totale,Italia,italia,2022,19,Valori percentuali,Istat - Rilevazione sulle Forze di lavoro
02IST006-N22,Giovani che non lavorano e non studiano (NEET),Totale,Italia,italia,2023,16.1,Valori percentuali,Istat - Rilevazione sulle Forze di lavoro
02IST006-N22,Giovani che non lavorano e non studiano (NEET),Totale,Italia,italia,2024,15.2,Valori percentuali,Istat - Rilevazione sulle Forze di lavoro
02IST007-N22,Partecipazione alla formazione continua,Totale,Emilia-Romagna,regione,2018,11,Valori percentuali,Istat - Rilevazione sulle Forze di lavoro
02IST007-N22,Partecipazione alla formazione continua,Totale,Emilia-Romagna,regione,2019,10.4,Valori percentuali,Istat - Rilevazione sulle Forze di lavoro
02IST007-N22,Partecipazione alla formazione continua,Totale,Emilia-Romagna,regione,2020,9.3,Valori percentuali,Istat - Rilevazione sulle Forze di lavoro
02IST007-N22,Partecipazione alla formazione continua,Totale,Emilia-Romagna,regione,2021,12.3,Valori percentuali,Istat - Rilevazione sulle Forze di lavoro
02IST007-N22,Partecipazione alla formazione continua,Totale,Emilia-Romagna,regione,2022,11.9,Valori percentuali,Istat - Rilevazione sulle Forze di lavoro
02IST007-N22,Partecipazione alla formazione continua,Totale,Emilia-Romagna,regione,2023,13.8,Valori percentuali,Istat - Rilevazione sulle Forze di lavoro
02IST007-N22,Partecipazione alla formazione continua,Totale,Emilia-Romagna,regione,2024,13.6,Valori percentuali,Istat - Rilevazione sulle Forze di lavoro
02IST007-N22,Partecipazione alla formazione continua,Totale,Piacenza,provincia,2018,9.7,Valori percentuali,Istat - Rilevazione sulle Forze di lavoro
02IST007-N22,Partecipazione alla formazione continua,Totale,Piacenza,provincia,2019,9.5,Valori percentuali,Istat - Rilevazione sulle Forze di lavoro
02IST007-N22,Partecipazione alla formazione continua,Totale,Piacenza,provincia,2020,6.6,Valori percentuali,Istat - Rilevazione sulle Forze di lavoro
02IST007-N22,Partecipazione alla formazione continua,Totale,Piacenza,provincia,2021,9.1,Valori percentuali,Istat - Rilevazione sulle Forze di lavoro
02IST007-N22,Partecipazione alla formazione continua,Totale,Piacenza,provincia,2022,9.8,Valori percentuali,Istat - Rilevazione sulle Forze di lavoro
02IST007-N22,Partecipazione alla formazione continua,Totale,Piacenza,provincia,2023,11.1,Valori percentuali,Istat - Rilevazione sulle Forze di lavoro
02IST007-N22,Partecipazione alla formazione continua,Totale,Piacenza,provincia,2024,10.4,Valori percentuali,Istat - Rilevazione sulle Forze di lavoro
02IST007-N22,Partecipazione alla formazione continua,Totale,Parma,provincia,2018,12.5,Valori percentuali,Istat - Rilevazione sulle Forze di lavoro
02IST007-N22,Partecipazione alla formazione continua,Totale,Parma,provincia,2019,12.7,Valori percentuali,Istat - Rilevazione sulle Forze di lavoro
02IST007-N22,Partecipazione alla formazione continua,Totale,Parma,provincia,2020,11.7,Valori percentuali,Istat - Rilevazione sulle Forze di lavoro
02IST007-N22,Partecipazione alla formazione continua,Totale,Parma,provincia,2021,15.3,Valori percentuali,Istat - Rilevazione sulle Forze di lavoro
02IST007-N22,Partecipazione alla formazione continua,Totale,Parma,provincia,2022,13.4,Valori percentuali,Istat - Rilevazione sulle Forze di lavoro
02IST007-N22,Partecipazione alla formazione continua,Totale,Parma,provincia,2023,13.8,Valori percentuali,Istat - Rilevazione sulle Forze di lavoro
02IST007-N22,Partecipazione alla formazione continua,Totale,Parma,provincia,2024,12.4,Valori percentuali,Istat - Rilevazione sulle Forze di lavoro
02IST007-N22,Partecipazione alla formazione continua,Totale,Reggio nell'Emilia,provincia,2018,8.7,Valori percentuali,Istat - Rilevazione sulle Forze di lavoro
02IST007-N22,Partecipazione alla formazione continua,Totale,Reggio nell'Emilia,provincia,2019,9.7,Valori percentuali,Istat - Rilevazione sulle Forze di lavoro
02IST007-N22,Partecipazione alla formazione continua,Totale,Reggio nell'Emilia,provincia,2020,7.7,Valori percentuali,Istat - Rilevazione sulle Forze di lavoro
02IST007-N22,Partecipazione alla formazione continua,Totale,Reggio nell'Emilia,provincia,2021,9.9,Valori percentuali,Istat - Rilevazione sulle Forze di lavoro
02IST007-N22,Partecipazione alla formazione continua,Totale,Reggio nell'Emilia,provincia,2022,8.7,Valori percentuali,Istat - Rilevazione sulle Forze di lavoro
02IST007-N22,Partecipazione alla formazione continua,Totale,Reggio nell'Emilia,provincia,2023,11.4,Valori percentuali,Istat - Rilevazione sulle Forze di lavoro
02IST007-N22,Partecipazione alla formazione continua,Totale,Reggio nell'Emilia,provincia,2024,15.6,Valori percentuali,Istat - Rilevazione sulle Forze di lavoro
02IST007-N22,Partecipazione alla formazione continua,Totale,Modena,provincia,2018,11.2,Valori percentuali,Istat - Rilevazione sulle Forze di lavoro
02IST007-N22,Partecipazione alla formazione continua,Totale,Modena,provincia,2019,10,Valori percentuali,Istat - Rilevazione sulle Forze di lavoro
02IST007-N22,Partecipazione alla formazione continua,Totale,Modena,provincia,2020,9.3,Valori percentuali,Istat - Rilevazione sulle Forze di lavoro
02IST007-N22,Partecipazione alla formazione continua,Totale,Modena,provincia,2021,13.4,Valori percentuali,Istat - Rilevazione sulle Forze di lavoro
02IST007-N22,Partecipazione alla formazione continua,Totale,Modena,provincia,2022,12.3,Valori percentuali,Istat - Rilevazione sulle Forze di lavoro
02IST007-N22,Partecipazione alla formazione continua,Totale,Modena,provincia,2023,14.5,Valori percentuali,Istat - Rilevazione sulle Forze di lavoro
02IST007-N22,Partecipazione alla formazione continua,Totale,Modena,provincia,2024,16.4,Valori percentuali,Istat - Rilevazione sulle Forze di lavoro
02IST007-N22,Partecipazione alla formazione continua,Totale,Bologna,provincia,2018,16,Valori percentuali,Istat - Rilevazione sulle Forze di lavoro
02IST007-N22,Partecipazione alla formazione continua,Totale,Bologna,provincia,2019,13.5,Valori percentuali,Istat - Rilevazione sulle Forze di lavoro
02IST007-N22,Partecipazione alla formazione continua,Totale,Bologna,provincia,2020,14.3,Valori percentuali,Istat - Rilevazione sulle Forze di lavoro
02IST007-N22,Partecipazione alla formazione continua,Totale,Bologna,provincia,2021,16.2,Valori percentuali,Istat - Rilevazione sulle Forze di lavoro
02IST007-N22,Partecipazione alla formazione continua,Totale,Bologna,provincia,2022,16.1,Valori percentuali,Istat - Rilevazione sulle Forze di lavoro
02IST007-N22,Partecipazione alla formazione continua,Totale,Bologna,provincia,2023,17.5,Valori percentuali,Istat - Rilevazione sulle Forze di lavoro
02IST007-N22,Partecipazione alla formazione continua,Totale,Bologna,provincia,2024,16.8,Valori percentuali,Istat - Rilevazione sulle Forze di lavoro
02IST007-N22,Partecipazione alla formazione continua,Totale,Ferrara,provincia,2018,11.3,Valori percentuali,Istat - Rilevazione sulle Forze di lavoro
02IST007-N22,Partecipazione alla formazione continua,Totale,Ferrara,provincia,2019,11,Valori percentuali,Istat - Rilevazione sulle Forze di lavoro
02IST007-N22,Partecipazione alla formazione continua,Totale,Ferrara,provincia,2020,6.6,Valori percentuali,Istat - Rilevazione sulle Forze di lavoro
02IST007-N22,Partecipazione alla formazione continua,Totale,Ferrara,provincia,2021,13.2,Valori percentuali,Istat - Rilevazione sulle Forze di lavoro
02IST007-N22,Partecipazione alla formazione continua,Totale,Ferrara,provincia,2022,12.4,Valori percentuali,Istat - Rilevazione sulle Forze di lavoro
02IST007-N22,Partecipazione alla formazione continua,Totale,Ferrara,provincia,2023,13,Valori percentuali,Istat - Rilevazione sulle Forze di lavoro
02IST007-N22,Partecipazione alla formazione continua,Totale,Ferrara,provincia,2024,12.4,Valori percentuali,Istat - Rilevazione sulle Forze di lavoro
02IST007-N22,Partecipazione alla formazione continua,Totale,Ravenna,provincia,2018,7.5,Valori percentuali,Istat - Rilevazione sulle Forze di lavoro
02IST007-N22,Partecipazione alla formazione continua,Totale,Ravenna,provincia,2019,7.9,Valori percentuali,Istat - Rilevazione sulle Forze di lavoro
02IST007-N22,Partecipazione alla formazione continua,Totale,Ravenna,provincia,2020,5.9,Valori percentuali,Istat - Rilevazione sulle Forze di lavoro
02IST007-N22,Partecipazione alla formazione continua,Totale,Ravenna,provincia,2021,9,Valori percentuali,Istat - Rilevazione sulle Forze di lavoro
02IST007-N22,Partecipazione alla formazione continua,Totale,Ravenna,provincia,2022,8.8,Valori percentuali,Istat - Rilevazione sulle Forze di lavoro
02IST007-N22,Partecipazione alla formazione continua,Totale,Ravenna,provincia,2023,11.1,Valori percentuali,Istat - Rilevazione sulle Forze di lavoro
02IST007-N22,Partecipazione alla formazione continua,Totale,Ravenna,provincia,2024,8.3,Valori percentuali,Istat - Rilevazione sulle Forze di lavoro
02IST007-N22,Partecipazione alla formazione continua,Totale,Forlì-Cesena,provincia,2018,6.9,Valori percentuali,Istat - Rilevazione sulle Forze di lavoro
02IST007-N22,Partecipazione alla formazione continua,Totale,Forlì-Cesena,provincia,2019,6.6,Valori percentuali,Istat - Rilevazione sulle Forze di lavoro
02IST007-N22,Partecipazione alla formazione continua,Totale,Forlì-Cesena,provincia,2020,5.9,Valori percentuali,Istat - Rilevazione sulle Forze di lavoro
02IST007-N22,Partecipazione alla formazione continua,Totale,Forlì-Cesena,provincia,2021,8.9,Valori percentuali,Istat - Rilevazione sulle Forze di lavoro
02IST007-N22,Partecipazione alla formazione continua,Totale,Forlì-Cesena,provincia,2022,9.7,Valori percentuali,Istat - Rilevazione sulle Forze di lavoro
02IST007-N22,Partecipazione alla formazione continua,Totale,Forlì-Cesena,provincia,2023,12.1,Valori percentuali,Istat - Rilevazione sulle Forze di lavoro
02IST007-N22,Partecipazione alla formazione continua,Totale,Forlì-Cesena,provincia,2024,10.8,Valori percentuali,Istat - Rilevazione sulle Forze di lavoro
02IST007-N22,Partecipazione alla formazione continua,Totale,Rimini,provincia,2018,6.4,Valori percentuali,Istat - Rilevazione sulle Forze di lavoro
02IST007-N22,Partecipazione alla formazione continua,Totale,Rimini,provincia,2019,7.3,Valori percentuali,Istat - Rilevazione sulle Forze di lavoro
02IST007-N22,Partecipazione alla formazione continua,Totale,Rimini,provincia,2020,6,Valori percentuali,Istat - Rilevazione sulle Forze di lavoro
02IST007-N22,Partecipazione alla formazione continua,Totale,Rimini,provincia,2021,8.1,Valori percentuali,Istat - Rilevazione sulle Forze di lavoro
02IST007-N22,Partecipazione alla formazione continua,Totale,Rimini,provincia,2022,8.3,Valori percentuali,Istat - Rilevazione sulle Forze di lavoro
02IST007-N22,Partecipazione alla formazione continua,Totale,Rimini,provincia,2023,13,Valori percentuali,Istat - Rilevazione sulle Forze di lavoro
02IST007-N22,Partecipazione alla formazione continua,Totale,Rimini,provincia,2024,9.2,Valori percentuali,Istat - Rilevazione sulle Forze di lavoro
02IST007-N22,Partecipazione alla formazione continua,Totale,Nord-est,ripartizione,2018,10.5,Valori percentuali,Istat - Rilevazione sulle Forze di lavoro
02IST007-N22,Partecipazione alla formazione continua,Totale,Nord-est,ripartizione,2019,10.3,Valori percentuali,Istat - Rilevazione sulle Forze di lavoro
02IST007-N22,Partecipazione alla formazione continua,Totale,Nord-est,ripartizione,2020,8.5,Valori percentuali,Istat - Rilevazione sulle Forze di lavoro
02IST007-N22,Partecipazione alla formazione continua,Totale,Nord-est,ripartizione,2021,11.5,Valori percentuali,Istat - Rilevazione sulle Forze di lavoro
02IST007-N22,Partecipazione alla formazione continua,Totale,Nord-est,ripartizione,2022,11.3,Valori percentuali,Istat - Rilevazione sulle Forze di lavoro
02IST007-N22,Partecipazione alla formazione continua,Totale,Nord-est,ripartizione,2023,13.9,Valori percentuali,Istat - Rilevazione sulle Forze di lavoro
02IST007-N22,Partecipazione alla formazione continua,Totale,Nord-est,ripartizione,2024,13,Valori percentuali,Istat - Rilevazione sulle Forze di lavoro
02IST007-N22,Partecipazione alla formazione continua,Totale,Italia,italia,2018,8.1,Valori percentuali,Istat - Rilevazione sulle Forze di lavoro
02IST007-N22,Partecipazione alla formazione continua,Totale,Italia,italia,2019,8.1,Valori percentuali,Istat - Rilevazione sulle Forze di lavoro
02IST007-N22,Partecipazione alla formazione continua,Totale,Italia,italia,2020,7.1,Valori percentuali,Istat - Rilevazione sulle Forze di lavoro
02IST007-N22,Partecipazione alla formazione continua,Totale,Italia,italia,2021,9.9,Valori percentuali,Istat - Rilevazione sulle Forze di lavoro
02IST007-N22,Partecipazione alla formazione continua,Totale,Italia,italia,2022,9.6,Valori percentuali,Istat - Rilevazione sulle Forze di lavoro
02IST007-N22,Partecipazione alla formazione continua,Totale,Italia,italia,2023,11.6,Valori percentuali,Istat - Rilevazione sulle Forze di lavoro
02IST007-N22,Partecipazione alla formazione continua,Totale,Italia,italia,2024,10.4,Valori percentuali,Istat - Rilevazione sulle Forze di lavoro
02IST010P,Competenza numerica non adeguata (studenti classi III scuola secondaria primo grado),Femmine,Emilia-Romagna,regione,2018,33.4,Valori percentuali,Invalsi - Rilevazioni nazionali sugli apprendimenti
02IST010P,Competenza numerica non adeguata (studenti classi III scuola secondaria primo grado),Femmine,Emilia-Romagna,regione,2019,34.2,Valori percentuali,Invalsi - Rilevazioni nazionali sugli apprendimenti
02IST010P,Competenza numerica non adeguata (studenti classi III scuola secondaria primo grado),Femmine,Emilia-Romagna,regione,2021,39.1,Valori percentuali,Invalsi - Rilevazioni nazionali sugli apprendimenti
02IST010P,Competenza numerica non adeguata (studenti classi III scuola secondaria primo grado),Femmine,Emilia-Romagna,regione,2022,38.9,Valori percentuali,Invalsi - Rilevazioni nazionali sugli apprendimenti
02IST010P,Competenza numerica non adeguata (studenti classi III scuola secondaria primo grado),Femmine,Emilia-Romagna,regione,2023,39.9,Valori percentuali,Invalsi - Rilevazioni nazionali sugli apprendimenti
02IST010P,Competenza numerica non adeguata (studenti classi III scuola secondaria primo grado),Femmine,Emilia-Romagna,regione,2024,41.3,Valori percentuali,Invalsi - Rilevazioni nazionali sugli apprendimenti
02IST010P,Competenza numerica non adeguata (studenti classi III scuola secondaria primo grado),Femmine,Piacenza,provincia,2018,35.2,Valori percentuali,Invalsi - Rilevazioni nazionali sugli apprendimenti
02IST010P,Competenza numerica non adeguata (studenti classi III scuola secondaria primo grado),Femmine,Piacenza,provincia,2019,38.5,Valori percentuali,Invalsi - Rilevazioni nazionali sugli apprendimenti
02IST010P,Competenza numerica non adeguata (studenti classi III scuola secondaria primo grado),Femmine,Piacenza,provincia,2021,41.1,Valori percentuali,Invalsi - Rilevazioni nazionali sugli apprendimenti
02IST010P,Competenza numerica non adeguata (studenti classi III scuola secondaria primo grado),Femmine,Piacenza,provincia,2022,43.5,Valori percentuali,Invalsi - Rilevazioni nazionali sugli apprendimenti
02IST010P,Competenza numerica non adeguata (studenti classi III scuola secondaria primo grado),Femmine,Piacenza,provincia,2023,42.7,Valori percentuali,Invalsi - Rilevazioni nazionali sugli apprendimenti
02IST010P,Competenza numerica non adeguata (studenti classi III scuola secondaria primo grado),Femmine,Piacenza,provincia,2024,40.5,Valori percentuali,Invalsi - Rilevazioni nazionali sugli apprendimenti
02IST010P,Competenza numerica non adeguata (studenti classi III scuola secondaria primo grado),Femmine,Parma,provincia,2018,34,Valori percentuali,Invalsi - Rilevazioni nazionali sugli apprendimenti
02IST010P,Competenza numerica non adeguata (studenti classi III scuola secondaria primo grado),Femmine,Parma,provincia,2019,37.2,Valori percentuali,Invalsi - Rilevazioni nazionali sugli apprendimenti
02IST010P,Competenza numerica non adeguata (studenti classi III scuola secondaria primo grado),Femmine,Parma,provincia,2021,41.7,Valori percentuali,Invalsi - Rilevazioni nazionali sugli apprendimenti
02IST010P,Competenza numerica non adeguata (studenti classi III scuola secondaria primo grado),Femmine,Parma,provincia,2022,41.5,Valori percentuali,Invalsi - Rilevazioni nazionali sugli apprendimenti
02IST010P,Competenza numerica non adeguata (studenti classi III scuola secondaria primo grado),Femmine,Parma,provincia,2023,41.3,Valori percentuali,Invalsi - Rilevazioni nazionali sugli apprendimenti
02IST010P,Competenza numerica non adeguata (studenti classi III scuola secondaria primo grado),Femmine,Parma,provincia,2024,42.4,Valori percentuali,Invalsi - Rilevazioni nazionali sugli apprendimenti
02IST010P,Competenza numerica non adeguata (studenti classi III scuola secondaria primo grado),Femmine,Reggio nell'Emilia,provincia,2018,35.6,Valori percentuali,Invalsi - Rilevazioni nazionali sugli apprendimenti
02IST010P,Competenza numerica non adeguata (studenti classi III scuola secondaria primo grado),Femmine,Reggio nell'Emilia,provincia,2019,35.3,Valori percentuali,Invalsi - Rilevazioni nazionali sugli apprendimenti
02IST010P,Competenza numerica non adeguata (studenti classi III scuola secondaria primo grado),Femmine,Reggio nell'Emilia,provincia,2021,39.9,Valori percentuali,Invalsi - Rilevazioni nazionali sugli apprendimenti
02IST010P,Competenza numerica non adeguata (studenti classi III scuola secondaria primo grado),Femmine,Reggio nell'Emilia,provincia,2022,39,Valori percentuali,Invalsi - Rilevazioni nazionali sugli apprendimenti
02IST010P,Competenza numerica non adeguata (studenti classi III scuola secondaria primo grado),Femmine,Reggio nell'Emilia,provincia,2023,40.5,Valori percentuali,Invalsi - Rilevazioni nazionali sugli apprendimenti
02IST010P,Competenza numerica non adeguata (studenti classi III scuola secondaria primo grado),Femmine,Reggio nell'Emilia,provincia,2024,41.9,Valori percentuali,Invalsi - Rilevazioni nazionali sugli apprendimenti
02IST010P,Competenza numerica non adeguata (studenti classi III scuola secondaria primo grado),Femmine,Modena,provincia,2018,33.4,Valori percentuali,Invalsi - Rilevazioni nazionali sugli apprendimenti
02IST010P,Competenza numerica non adeguata (studenti classi III scuola secondaria primo grado),Femmine,Modena,provincia,2019,35,Valori percentuali,Invalsi - Rilevazioni nazionali sugli apprendimenti
02IST010P,Competenza numerica non adeguata (studenti classi III scuola secondaria primo grado),Femmine,Modena,provincia,2021,39.6,Valori percentuali,Invalsi - Rilevazioni nazionali sugli apprendimenti
02IST010P,Competenza numerica non adeguata (studenti classi III scuola secondaria primo grado),Femmine,Modena,provincia,2022,40,Valori percentuali,Invalsi - Rilevazioni nazionali sugli apprendimenti
02IST010P,Competenza numerica non adeguata (studenti classi III scuola secondaria primo grado),Femmine,Modena,provincia,2023,40.7,Valori percentuali,Invalsi - Rilevazioni nazionali sugli apprendimenti
02IST010P,Competenza numerica non adeguata (studenti classi III scuola secondaria primo grado),Femmine,Modena,provincia,2024,42.6,Valori percentuali,Invalsi - Rilevazioni nazionali sugli apprendimenti
02IST010P,Competenza numerica non adeguata (studenti classi III scuola secondaria primo grado),Femmine,Bologna,provincia,2018,32.6,Valori percentuali,Invalsi - Rilevazioni nazionali sugli apprendimenti
02IST010P,Competenza numerica non adeguata (studenti classi III scuola secondaria primo grado),Femmine,Bologna,provincia,2019,30.8,Valori percentuali,Invalsi - Rilevazioni nazionali sugli apprendimenti
02IST010P,Competenza numerica non adeguata (studenti classi III scuola secondaria primo grado),Femmine,Bologna,provincia,2021,36.4,Valori percentuali,Invalsi - Rilevazioni nazionali sugli apprendimenti
02IST010P,Competenza numerica non adeguata (studenti classi III scuola secondaria primo grado),Femmine,Bologna,provincia,2022,35.1,Valori percentuali,Invalsi - Rilevazioni nazionali sugli apprendimenti
02IST010P,Competenza numerica non adeguata (studenti classi III scuola secondaria primo grado),Femmine,Bologna,provincia,2023,37.7,Valori percentuali,Invalsi - Rilevazioni nazionali sugli apprendimenti
02IST010P,Competenza numerica non adeguata (studenti classi III scuola secondaria primo grado),Femmine,Bologna,provincia,2024,38.6,Valori percentuali,Invalsi - Rilevazioni nazionali sugli apprendimenti
02IST010P,Competenza numerica non adeguata (studenti classi III scuola secondaria primo grado),Femmine,Ferrara,provincia,2018,36.3,Valori percentuali,Invalsi - Rilevazioni nazionali sugli apprendimenti
02IST010P,Competenza numerica non adeguata (studenti classi III scuola secondaria primo grado),Femmine,Ferrara,provincia,2019,37.3,Valori percentuali,Invalsi - Rilevazioni nazionali sugli apprendimenti
02IST010P,Competenza numerica non adeguata (studenti classi III scuola secondaria primo grado),Femmine,Ferrara,provincia,2021,42.9,Valori percentuali,Invalsi - Rilevazioni nazionali sugli apprendimenti
02IST010P,Competenza numerica non adeguata (studenti classi III scuola secondaria primo grado),Femmine,Ferrara,provincia,2022,42.7,Valori percentuali,Invalsi - Rilevazioni nazionali sugli apprendimenti
02IST010P,Competenza numerica non adeguata (studenti classi III scuola secondaria primo grado),Femmine,Ferrara,provincia,2023,45.4,Valori percentuali,Invalsi - Rilevazioni nazionali sugli apprendimenti
02IST010P,Competenza numerica non adeguata (studenti classi III scuola secondaria primo grado),Femmine,Ferrara,provincia,2024,46.9,Valori percentuali,Invalsi - Rilevazioni nazionali sugli apprendimenti
02IST010P,Competenza numerica non adeguata (studenti classi III scuola secondaria primo grado),Femmine,Ravenna,provincia,2018,29.9,Valori percentuali,Invalsi - Rilevazioni nazionali sugli apprendimenti
02IST010P,Competenza numerica non adeguata (studenti classi III scuola secondaria primo grado),Femmine,Ravenna,provincia,2019,32.5,Valori percentuali,Invalsi - Rilevazioni nazionali sugli apprendimenti
02IST010P,Competenza numerica non adeguata (studenti classi III scuola secondaria primo grado),Femmine,Ravenna,provincia,2021,37.3,Valori percentuali,Invalsi - Rilevazioni nazionali sugli apprendimenti
02IST010P,Competenza numerica non adeguata (studenti classi III scuola secondaria primo grado),Femmine,Ravenna,provincia,2022,37.5,Valori percentuali,Invalsi - Rilevazioni nazionali sugli apprendimenti
02IST010P,Competenza numerica non adeguata (studenti classi III scuola secondaria primo grado),Femmine,Ravenna,provincia,2023,37.8,Valori percentuali,Invalsi - Rilevazioni nazionali sugli apprendimenti
02IST010P,Competenza numerica non adeguata (studenti classi III scuola secondaria primo grado),Femmine,Ravenna,provincia,2024,39,Valori percentuali,Invalsi - Rilevazioni nazionali sugli apprendimenti
02IST010P,Competenza numerica non adeguata (studenti classi III scuola secondaria primo grado),Femmine,Forlì-Cesena,provincia,2018,33.5,Valori percentuali,Invalsi - Rilevazioni nazionali sugli apprendimenti
02IST010P,Competenza numerica non adeguata (studenti classi III scuola secondaria primo grado),Femmine,Forlì-Cesena,provincia,2019,33.7,Valori percentuali,Invalsi - Rilevazioni nazionali sugli apprendimenti
02IST010P,Competenza numerica non adeguata (studenti classi III scuola secondaria primo grado),Femmine,Forlì-Cesena,provincia,2021,38.8,Valori percentuali,Invalsi - Rilevazioni nazionali sugli apprendimenti
02IST010P,Competenza numerica non adeguata (studenti classi III scuola secondaria primo grado),Femmine,Forlì-Cesena,provincia,2022,38.2,Valori percentuali,Invalsi - Rilevazioni nazionali sugli apprendimenti
02IST010P,Competenza numerica non adeguata (studenti classi III scuola secondaria primo grado),Femmine,Forlì-Cesena,provincia,2023,39.2,Valori percentuali,Invalsi - Rilevazioni nazionali sugli apprendimenti
02IST010P,Competenza numerica non adeguata (studenti classi III scuola secondaria primo grado),Femmine,Forlì-Cesena,provincia,2024,39.4,Valori percentuali,Invalsi - Rilevazioni nazionali sugli apprendimenti
02IST010P,Competenza numerica non adeguata (studenti classi III scuola secondaria primo grado),Femmine,Rimini,provincia,2018,30.9,Valori percentuali,Invalsi - Rilevazioni nazionali sugli apprendimenti
02IST010P,Competenza numerica non adeguata (studenti classi III scuola secondaria primo grado),Femmine,Rimini,provincia,2019,32.3,Valori percentuali,Invalsi - Rilevazioni nazionali sugli apprendimenti
02IST010P,Competenza numerica non adeguata (studenti classi III scuola secondaria primo grado),Femmine,Rimini,provincia,2021,39.3,Valori percentuali,Invalsi - Rilevazioni nazionali sugli apprendimenti
02IST010P,Competenza numerica non adeguata (studenti classi III scuola secondaria primo grado),Femmine,Rimini,provincia,2022,39.5,Valori percentuali,Invalsi - Rilevazioni nazionali sugli apprendimenti
02IST010P,Competenza numerica non adeguata (studenti classi III scuola secondaria primo grado),Femmine,Rimini,provincia,2023,38.1,Valori percentuali,Invalsi - Rilevazioni nazionali sugli apprendimenti
02IST010P,Competenza numerica non adeguata (studenti classi III scuola secondaria primo grado),Femmine,Rimini,provincia,2024,42.8,Valori percentuali,Invalsi - Rilevazioni nazionali sugli apprendimenti
02IST010P,Competenza numerica non adeguata (studenti classi III scuola secondaria primo grado),Femmine,Nord-est,ripartizione,2018,31.1,Valori percentuali,Invalsi - Rilevazioni nazionali sugli apprendimenti
02IST010P,Competenza numerica non adeguata (studenti classi III scuola secondaria primo grado),Femmine,Nord-est,ripartizione,2019,31.4,Valori percentuali,Invalsi - Rilevazioni nazionali sugli apprendimenti
02IST010P,Competenza numerica non adeguata (studenti classi III scuola secondaria primo grado),Femmine,Nord-est,ripartizione,2021,36.3,Valori percentuali,Invalsi - Rilevazioni nazionali sugli apprendimenti
02IST010P,Competenza numerica non adeguata (studenti classi III scuola secondaria primo grado),Femmine,Nord-est,ripartizione,2022,36.4,Valori percentuali,Invalsi - Rilevazioni nazionali sugli apprendimenti
02IST010P,Competenza numerica non adeguata (studenti classi III scuola secondaria primo grado),Femmine,Nord-est,ripartizione,2023,37.4,Valori percentuali,Invalsi - Rilevazioni nazionali sugli apprendimenti
02IST010P,Competenza numerica non adeguata (studenti classi III scuola secondaria primo grado),Femmine,Nord-est,ripartizione,2024,38.6,Valori percentuali,Invalsi - Rilevazioni nazionali sugli apprendimenti
02IST010P,Competenza numerica non adeguata (studenti classi III scuola secondaria primo grado),Femmine,Italia,italia,2018,41.1,Valori percentuali,Invalsi - Rilevazioni nazionali sugli apprendimenti
02IST010P,Competenza numerica non adeguata (studenti classi III scuola secondaria primo grado),Femmine,Italia,italia,2019,40.8,Valori percentuali,Invalsi - Rilevazioni nazionali sugli apprendimenti
02IST010P,Competenza numerica non adeguata (studenti classi III scuola secondaria primo grado),Femmine,Italia,italia,2021,46.2,Valori percentuali,Invalsi - Rilevazioni nazionali sugli apprendimenti
02IST010P,Competenza numerica non adeguata (studenti classi III scuola secondaria primo grado),Femmine,Italia,italia,2022,45.8,Valori percentuali,Invalsi - Rilevazioni nazionali sugli apprendimenti
02IST010P,Competenza numerica non adeguata (studenti classi III scuola secondaria primo grado),Femmine,Italia,italia,2023,46.9,Valori percentuali,Invalsi - Rilevazioni nazionali sugli apprendimenti
02IST010P,Competenza numerica non adeguata (studenti classi III scuola secondaria primo grado),Femmine,Italia,italia,2024,47,Valori percentuali,Invalsi - Rilevazioni nazionali sugli apprendimenti
02IST010P,Competenza numerica non adeguata (studenti classi III scuola secondaria primo grado),Maschi,Emilia-Romagna,regione,2018,31.6,Valori percentuali,Invalsi - Rilevazioni nazionali sugli apprendimenti
02IST010P,Competenza numerica non adeguata (studenti classi III scuola secondaria primo grado),Maschi,Emilia-Romagna,regione,2019,32,Valori percentuali,Invalsi - Rilevazioni nazionali sugli apprendimenti
02IST010P,Competenza numerica non adeguata (studenti classi III scuola secondaria primo grado),Maschi,Emilia-Romagna,regione,2021,36.2,Valori percentuali,Invalsi - Rilevazioni nazionali sugli apprendimenti
02IST010P,Competenza numerica non adeguata (studenti classi III scuola secondaria primo grado),Maschi,Emilia-Romagna,regione,2022,35,Valori percentuali,Invalsi - Rilevazioni nazionali sugli apprendimenti
02IST010P,Competenza numerica non adeguata (studenti classi III scuola secondaria primo grado),Maschi,Emilia-Romagna,regione,2023,36.2,Valori percentuali,Invalsi - Rilevazioni nazionali sugli apprendimenti
02IST010P,Competenza numerica non adeguata (studenti classi III scuola secondaria primo grado),Maschi,Emilia-Romagna,regione,2024,35.9,Valori percentuali,Invalsi - Rilevazioni nazionali sugli apprendimenti
02IST010P,Competenza numerica non adeguata (studenti classi III scuola secondaria primo grado),Maschi,Piacenza,provincia,2018,35.5,Valori percentuali,Invalsi - Rilevazioni nazionali sugli apprendimenti
02IST010P,Competenza numerica non adeguata (studenti classi III scuola secondaria primo grado),Maschi,Piacenza,provincia,2019,36.1,Valori percentuali,Invalsi - Rilevazioni nazionali sugli apprendimenti
02IST010P,Competenza numerica non adeguata (studenti classi III scuola secondaria primo grado),Maschi,Piacenza,provincia,2021,38,Valori percentuali,Invalsi - Rilevazioni nazionali sugli apprendimenti
02IST010P,Competenza numerica non adeguata (studenti classi III scuola secondaria primo grado),Maschi,Piacenza,provincia,2022,41.1,Valori percentuali,Invalsi - Rilevazioni nazionali sugli apprendimenti
02IST010P,Competenza numerica non adeguata (studenti classi III scuola secondaria primo grado),Maschi,Piacenza,provincia,2023,41.5,Valori percentuali,Invalsi - Rilevazioni nazionali sugli apprendimenti
02IST010P,Competenza numerica non adeguata (studenti classi III scuola secondaria primo grado),Maschi,Piacenza,provincia,2024,41,Valori percentuali,Invalsi - Rilevazioni nazionali sugli apprendimenti
02IST010P,Competenza numerica non adeguata (studenti classi III scuola secondaria primo grado),Maschi,Parma,provincia,2018,33.9,Valori percentuali,Invalsi - Rilevazioni nazionali sugli apprendimenti
02IST010P,Competenza numerica non adeguata (studenti classi III scuola secondaria primo grado),Maschi,Parma,provincia,2019,32.9,Valori percentuali,Invalsi - Rilevazioni nazionali sugli apprendimenti
02IST010P,Competenza numerica non adeguata (studenti classi III scuola secondaria primo grado),Maschi,Parma,provincia,2021,36.9,Valori percentuali,Invalsi - Rilevazioni nazionali sugli apprendimenti
02IST010P,Competenza numerica non adeguata (studenti classi III scuola secondaria primo grado),Maschi,Parma,provincia,2022,39.3,Valori percentuali,Invalsi - Rilevazioni nazionali sugli apprendimenti
02IST010P,Competenza numerica non adeguata (studenti classi III scuola secondaria primo grado),Maschi,Parma,provincia,2023,38.7,Valori percentuali,Invalsi - Rilevazioni nazionali sugli apprendimenti
02IST010P,Competenza numerica non adeguata (studenti classi III scuola secondaria primo grado),Maschi,Parma,provincia,2024,39.8,Valori percentuali,Invalsi - Rilevazioni nazionali sugli apprendimenti
02IST010P,Competenza numerica non adeguata (studenti classi III scuola secondaria primo grado),Maschi,Reggio nell'Emilia,provincia,2018,34.1,Valori percentuali,Invalsi - Rilevazioni nazionali sugli apprendimenti
02IST010P,Competenza numerica non adeguata (studenti classi III scuola secondaria primo grado),Maschi,Reggio nell'Emilia,provincia,2019,33.9,Valori percentuali,Invalsi - Rilevazioni nazionali sugli apprendimenti
02IST010P,Competenza numerica non adeguata (studenti classi III scuola secondaria primo grado),Maschi,Reggio nell'Emilia,provincia,2021,38.4,Valori percentuali,Invalsi - Rilevazioni nazionali sugli apprendimenti
02IST010P,Competenza numerica non adeguata (studenti classi III scuola secondaria primo grado),Maschi,Reggio nell'Emilia,provincia,2022,33.8,Valori percentuali,Invalsi - Rilevazioni nazionali sugli apprendimenti
02IST010P,Competenza numerica non adeguata (studenti classi III scuola secondaria primo grado),Maschi,Reggio nell'Emilia,provincia,2023,35,Valori percentuali,Invalsi - Rilevazioni nazionali sugli apprendimenti
02IST010P,Competenza numerica non adeguata (studenti classi III scuola secondaria primo grado),Maschi,Reggio nell'Emilia,provincia,2024,35.6,Valori percentuali,Invalsi - Rilevazioni nazionali sugli apprendimenti
02IST010P,Competenza numerica non adeguata (studenti classi III scuola secondaria primo grado),Maschi,Modena,provincia,2018,32.8,Valori percentuali,Invalsi - Rilevazioni nazionali sugli apprendimenti
02IST010P,Competenza numerica non adeguata (studenti classi III scuola secondaria primo grado),Maschi,Modena,provincia,2019,33.8,Valori percentuali,Invalsi - Rilevazioni nazionali sugli apprendimenti
02IST010P,Competenza numerica non adeguata (studenti classi III scuola secondaria primo grado),Maschi,Modena,provincia,2021,35.9,Valori percentuali,Invalsi - Rilevazioni nazionali sugli apprendimenti
02IST010P,Competenza numerica non adeguata (studenti classi III scuola secondaria primo grado),Maschi,Modena,provincia,2022,35.5,Valori percentuali,Invalsi - Rilevazioni nazionali sugli apprendimenti
02IST010P,Competenza numerica non adeguata (studenti classi III scuola secondaria primo grado),Maschi,Modena,provincia,2023,36.6,Valori percentuali,Invalsi - Rilevazioni nazionali sugli apprendimenti
02IST010P,Competenza numerica non adeguata (studenti classi III scuola secondaria primo grado),Maschi,Modena,provincia,2024,35,Valori percentuali,Invalsi - Rilevazioni nazionali sugli apprendimenti
02IST010P,Competenza numerica non adeguata (studenti classi III scuola secondaria primo grado),Maschi,Bologna,provincia,2018,29,Valori percentuali,Invalsi - Rilevazioni nazionali sugli apprendimenti
02IST010P,Competenza numerica non adeguata (studenti classi III scuola secondaria primo grado),Maschi,Bologna,provincia,2019,29.6,Valori percentuali,Invalsi - Rilevazioni nazionali sugli apprendimenti
02IST010P,Competenza numerica non adeguata (studenti classi III scuola secondaria primo grado),Maschi,Bologna,provincia,2021,33.4,Valori percentuali,Invalsi - Rilevazioni nazionali sugli apprendimenti
02IST010P,Competenza numerica non adeguata (studenti classi III scuola secondaria primo grado),Maschi,Bologna,provincia,2022,32,Valori percentuali,Invalsi - Rilevazioni nazionali sugli apprendimenti
02IST010P,Competenza numerica non adeguata (studenti classi III scuola secondaria primo grado),Maschi,Bologna,provincia,2023,33.9,Valori percentuali,Invalsi - Rilevazioni nazionali sugli apprendimenti
02IST010P,Competenza numerica non adeguata (studenti classi III scuola secondaria primo grado),Maschi,Bologna,provincia,2024,34.3,Valori percentuali,Invalsi - Rilevazioni nazionali sugli apprendimenti
02IST010P,Competenza numerica non adeguata (studenti classi III scuola secondaria primo grado),Maschi,Ferrara,provincia,2018,33.1,Valori percentuali,Invalsi - Rilevazioni nazionali sugli apprendimenti
02IST010P,Competenza numerica non adeguata (studenti classi III scuola secondaria primo grado),Maschi,Ferrara,provincia,2019,32.1,Valori percentuali,Invalsi - Rilevazioni nazionali sugli apprendimenti
02IST010P,Competenza numerica non adeguata (studenti classi III scuola secondaria primo grado),Maschi,Ferrara,provincia,2021,39.8,Valori percentuali,Invalsi - Rilevazioni nazionali sugli apprendimenti
02IST010P,Competenza numerica non adeguata (studenti classi III scuola secondaria primo grado),Maschi,Ferrara,provincia,2022,37.7,Valori percentuali,Invalsi - Rilevazioni nazionali sugli apprendimenti
02IST010P,Competenza numerica non adeguata (studenti classi III scuola secondaria primo grado),Maschi,Ferrara,provincia,2023,40.5,Valori percentuali,Invalsi - Rilevazioni nazionali sugli apprendimenti
02IST010P,Competenza numerica non adeguata (studenti classi III scuola secondaria primo grado),Maschi,Ferrara,provincia,2024,41.4,Valori percentuali,Invalsi - Rilevazioni nazionali sugli apprendimenti
02IST010P,Competenza numerica non adeguata (studenti classi III scuola secondaria primo grado),Maschi,Ravenna,provincia,2018,28.5,Valori percentuali,Invalsi - Rilevazioni nazionali sugli apprendimenti
02IST010P,Competenza numerica non adeguata (studenti classi III scuola secondaria primo grado),Maschi,Ravenna,provincia,2019,28.9,Valori percentuali,Invalsi - Rilevazioni nazionali sugli apprendimenti
02IST010P,Competenza numerica non adeguata (studenti classi III scuola secondaria primo grado),Maschi,Ravenna,provincia,2021,34.1,Valori percentuali,Invalsi - Rilevazioni nazionali sugli apprendimenti
02IST010P,Competenza numerica non adeguata (studenti classi III scuola secondaria primo grado),Maschi,Ravenna,provincia,2022,31.6,Valori percentuali,Invalsi - Rilevazioni nazionali sugli apprendimenti
02IST010P,Competenza numerica non adeguata (studenti classi III scuola secondaria primo grado),Maschi,Ravenna,provincia,2023,35,Valori percentuali,Invalsi - Rilevazioni nazionali sugli apprendimenti
02IST010P,Competenza numerica non adeguata (studenti classi III scuola secondaria primo grado),Maschi,Ravenna,provincia,2024,32.1,Valori percentuali,Invalsi - Rilevazioni nazionali sugli apprendimenti
02IST010P,Competenza numerica non adeguata (studenti classi III scuola secondaria primo grado),Maschi,Forlì-Cesena,provincia,2018,30.4,Valori percentuali,Invalsi - Rilevazioni nazionali sugli apprendimenti
02IST010P,Competenza numerica non adeguata (studenti classi III scuola secondaria primo grado),Maschi,Forlì-Cesena,provincia,2019,32.6,Valori percentuali,Invalsi - Rilevazioni nazionali sugli apprendimenti
02IST010P,Competenza numerica non adeguata (studenti classi III scuola secondaria primo grado),Maschi,Forlì-Cesena,provincia,2021,35.7,Valori percentuali,Invalsi - Rilevazioni nazionali sugli apprendimenti
02IST010P,Competenza numerica non adeguata (studenti classi III scuola secondaria primo grado),Maschi,Forlì-Cesena,provincia,2022,36.9,Valori percentuali,Invalsi - Rilevazioni nazionali sugli apprendimenti
02IST010P,Competenza numerica non adeguata (studenti classi III scuola secondaria primo grado),Maschi,Forlì-Cesena,provincia,2023,36.3,Valori percentuali,Invalsi - Rilevazioni nazionali sugli apprendimenti
02IST010P,Competenza numerica non adeguata (studenti classi III scuola secondaria primo grado),Maschi,Forlì-Cesena,provincia,2024,36.4,Valori percentuali,Invalsi - Rilevazioni nazionali sugli apprendimenti
02IST010P,Competenza numerica non adeguata (studenti classi III scuola secondaria primo grado),Maschi,Rimini,provincia,2018,29,Valori percentuali,Invalsi - Rilevazioni nazionali sugli apprendimenti
02IST010P,Competenza numerica non adeguata (studenti classi III scuola secondaria primo grado),Maschi,Rimini,provincia,2019,30.4,Valori percentuali,Invalsi - Rilevazioni nazionali sugli apprendimenti
02IST010P,Competenza numerica non adeguata (studenti classi III scuola secondaria primo grado),Maschi,Rimini,provincia,2021,37.8,Valori percentuali,Invalsi - Rilevazioni nazionali sugli apprendimenti
02IST010P,Competenza numerica non adeguata (studenti classi III scuola secondaria primo grado),Maschi,Rimini,provincia,2022,33,Valori percentuali,Invalsi - Rilevazioni nazionali sugli apprendimenti
02IST010P,Competenza numerica non adeguata (studenti classi III scuola secondaria primo grado),Maschi,Rimini,provincia,2023,33.9,Valori percentuali,Invalsi - Rilevazioni nazionali sugli apprendimenti
02IST010P,Competenza numerica non adeguata (studenti classi III scuola secondaria primo grado),Maschi,Rimini,provincia,2024,32.9,Valori percentuali,Invalsi - Rilevazioni nazionali sugli apprendimenti
02IST010P,Competenza numerica non adeguata (studenti classi III scuola secondaria primo grado),Maschi,Nord-est,ripartizione,2018,28.8,Valori percentuali,Invalsi - Rilevazioni nazionali sugli apprendimenti
02IST010P,Competenza numerica non adeguata (studenti classi III scuola secondaria primo grado),Maschi,Nord-est,ripartizione,2019,29.5,Valori percentuali,Invalsi - Rilevazioni nazionali sugli apprendimenti
02IST010P,Competenza numerica non adeguata (studenti classi III scuola secondaria primo grado),Maschi,Nord-est,ripartizione,2021,34.2,Valori percentuali,Invalsi - Rilevazioni nazionali sugli apprendimenti
02IST010P,Competenza numerica non adeguata (studenti classi III scuola secondaria primo grado),Maschi,Nord-est,ripartizione,2022,33.5,Valori percentuali,Invalsi - Rilevazioni nazionali sugli apprendimenti
02IST010P,Competenza numerica non adeguata (studenti classi III scuola secondaria primo grado),Maschi,Nord-est,ripartizione,2023,33.9,Valori percentuali,Invalsi - Rilevazioni nazionali sugli apprendimenti
02IST010P,Competenza numerica non adeguata (studenti classi III scuola secondaria primo grado),Maschi,Nord-est,ripartizione,2024,33.9,Valori percentuali,Invalsi - Rilevazioni nazionali sugli apprendimenti
02IST010P,Competenza numerica non adeguata (studenti classi III scuola secondaria primo grado),Maschi,Italia,italia,2018,37.6,Valori percentuali,Invalsi - Rilevazioni nazionali sugli apprendimenti
02IST010P,Competenza numerica non adeguata (studenti classi III scuola secondaria primo grado),Maschi,Italia,italia,2019,38.4,Valori percentuali,Invalsi - Rilevazioni nazionali sugli apprendimenti
02IST010P,Competenza numerica non adeguata (studenti classi III scuola secondaria primo grado),Maschi,Italia,italia,2021,42.9,Valori percentuali,Invalsi - Rilevazioni nazionali sugli apprendimenti
02IST010P,Competenza numerica non adeguata (studenti classi III scuola secondaria primo grado),Maschi,Italia,italia,2022,41.6,Valori percentuali,Invalsi - Rilevazioni nazionali sugli apprendimenti
02IST010P,Competenza numerica non adeguata (studenti classi III scuola secondaria primo grado),Maschi,Italia,italia,2023,41.5,Valori percentuali,Invalsi - Rilevazioni nazionali sugli apprendimenti
02IST010P,Competenza numerica non adeguata (studenti classi III scuola secondaria primo grado),Maschi,Italia,italia,2024,41.2,Valori percentuali,Invalsi - Rilevazioni nazionali sugli apprendimenti
02IST010P,Competenza numerica non adeguata (studenti classi III scuola secondaria primo grado),Totale,Emilia-Romagna,regione,2018,32.5,Valori percentuali,Invalsi - Rilevazioni nazionali sugli apprendimenti
02IST010P,Competenza numerica non adeguata (studenti classi III scuola secondaria primo grado),Totale,Emilia-Romagna,regione,2019,33.1,Valori percentuali,Invalsi - Rilevazioni nazionali sugli apprendimenti
02IST010P,Competenza numerica non adeguata (studenti classi III scuola secondaria primo grado),Totale,Emilia-Romagna,regione,2021,37.6,Valori percentuali,Invalsi - Rilevazioni nazionali sugli apprendimenti
02IST010P,Competenza numerica non adeguata (studenti classi III scuola secondaria primo grado),Totale,Emilia-Romagna,regione,2022,36.9,Valori percentuali,Invalsi - Rilevazioni nazionali sugli apprendimenti
02IST010P,Competenza numerica non adeguata (studenti classi III scuola secondaria primo grado),Totale,Emilia-Romagna,regione,2023,38,Valori percentuali,Invalsi - Rilevazioni nazionali sugli apprendimenti
02IST010P,Competenza numerica non adeguata (studenti classi III scuola secondaria primo grado),Totale,Emilia-Romagna,regione,2024,38.5,Valori percentuali,Invalsi - Rilevazioni nazionali sugli apprendimenti
02IST010P,Competenza numerica non adeguata (studenti classi III scuola secondaria primo grado),Totale,Piacenza,provincia,2018,35.3,Valori percentuali,Invalsi - Rilevazioni nazionali sugli apprendimenti
02IST010P,Competenza numerica non adeguata (studenti classi III scuola secondaria primo grado),Totale,Piacenza,provincia,2019,37.3,Valori percentuali,Invalsi - Rilevazioni nazionali sugli apprendimenti
02IST010P,Competenza numerica non adeguata (studenti classi III scuola secondaria primo grado),Totale,Piacenza,provincia,2021,39.4,Valori percentuali,Invalsi - Rilevazioni nazionali sugli apprendimenti
02IST010P,Competenza numerica non adeguata (studenti classi III scuola secondaria primo grado),Totale,Piacenza,provincia,2022,42.3,Valori percentuali,Invalsi - Rilevazioni nazionali sugli apprendimenti
02IST010P,Competenza numerica non adeguata (studenti classi III scuola secondaria primo grado),Totale,Piacenza,provincia,2023,42.1,Valori percentuali,Invalsi - Rilevazioni nazionali sugli apprendimenti
02IST010P,Competenza numerica non adeguata (studenti classi III scuola secondaria primo grado),Totale,Piacenza,provincia,2024,40.8,Valori percentuali,Invalsi - Rilevazioni nazionali sugli apprendimenti
02IST010P,Competenza numerica non adeguata (studenti classi III scuola secondaria primo grado),Totale,Parma,provincia,2018,34,Valori percentuali,Invalsi - Rilevazioni nazionali sugli apprendimenti
02IST010P,Competenza numerica non adeguata (studenti classi III scuola secondaria primo grado),Totale,Parma,provincia,2019,35,Valori percentuali,Invalsi - Rilevazioni nazionali sugli apprendimenti
02IST010P,Competenza numerica non adeguata (studenti classi III scuola secondaria primo grado),Totale,Parma,provincia,2021,39.2,Valori percentuali,Invalsi - Rilevazioni nazionali sugli apprendimenti
02IST010P,Competenza numerica non adeguata (studenti classi III scuola secondaria primo grado),Totale,Parma,provincia,2022,40.3,Valori percentuali,Invalsi - Rilevazioni nazionali sugli apprendimenti
02IST010P,Competenza numerica non adeguata (studenti classi III scuola secondaria primo grado),Totale,Parma,provincia,2023,40,Valori percentuali,Invalsi - Rilevazioni nazionali sugli apprendimenti
02IST010P,Competenza numerica non adeguata (studenti classi III scuola secondaria primo grado),Totale,Parma,provincia,2024,41.1,Valori percentuali,Invalsi - Rilevazioni nazionali sugli apprendimenti
02IST010P,Competenza numerica non adeguata (studenti classi III scuola secondaria primo grado),Totale,Reggio nell'Emilia,provincia,2018,34.8,Valori percentuali,Invalsi - Rilevazioni nazionali sugli apprendimenti
02IST010P,Competenza numerica non adeguata (studenti classi III scuola secondaria primo grado),Totale,Reggio nell'Emilia,provincia,2019,34.6,Valori percentuali,Invalsi - Rilevazioni nazionali sugli apprendimenti
02IST010P,Competenza numerica non adeguata (studenti classi III scuola secondaria primo grado),Totale,Reggio nell'Emilia,provincia,2021,39.1,Valori percentuali,Invalsi - Rilevazioni nazionali sugli apprendimenti
02IST010P,Competenza numerica non adeguata (studenti classi III scuola secondaria primo grado),Totale,Reggio nell'Emilia,provincia,2022,36.4,Valori percentuali,Invalsi - Rilevazioni nazionali sugli apprendimenti
02IST010P,Competenza numerica non adeguata (studenti classi III scuola secondaria primo grado),Totale,Reggio nell'Emilia,provincia,2023,37.6,Valori percentuali,Invalsi - Rilevazioni nazionali sugli apprendimenti
02IST010P,Competenza numerica non adeguata (studenti classi III scuola secondaria primo grado),Totale,Reggio nell'Emilia,provincia,2024,38.7,Valori percentuali,Invalsi - Rilevazioni nazionali sugli apprendimenti
02IST010P,Competenza numerica non adeguata (studenti classi III scuola secondaria primo grado),Totale,Modena,provincia,2018,33.1,Valori percentuali,Invalsi - Rilevazioni nazionali sugli apprendimenti
02IST010P,Competenza numerica non adeguata (studenti classi III scuola secondaria primo grado),Totale,Modena,provincia,2019,34.4,Valori percentuali,Invalsi - Rilevazioni nazionali sugli apprendimenti
02IST010P,Competenza numerica non adeguata (studenti classi III scuola secondaria primo grado),Totale,Modena,provincia,2021,37.7,Valori percentuali,Invalsi - Rilevazioni nazionali sugli apprendimenti
02IST010P,Competenza numerica non adeguata (studenti classi III scuola secondaria primo grado),Totale,Modena,provincia,2022,37.7,Valori percentuali,Invalsi - Rilevazioni nazionali sugli apprendimenti
02IST010P,Competenza numerica non adeguata (studenti classi III scuola secondaria primo grado),Totale,Modena,provincia,2023,38.6,Valori percentuali,Invalsi - Rilevazioni nazionali sugli apprendimenti
02IST010P,Competenza numerica non adeguata (studenti classi III scuola secondaria primo grado),Totale,Modena,provincia,2024,38.7,Valori percentuali,Invalsi - Rilevazioni nazionali sugli apprendimenti
02IST010P,Competenza numerica non adeguata (studenti classi III scuola secondaria primo grado),Totale,Bologna,provincia,2018,30.8,Valori percentuali,Invalsi - Rilevazioni nazionali sugli apprendimenti
02IST010P,Competenza numerica non adeguata (studenti classi III scuola secondaria primo grado),Totale,Bologna,provincia,2019,30.2,Valori percentuali,Invalsi - Rilevazioni nazionali sugli apprendimenti
02IST010P,Competenza numerica non adeguata (studenti classi III scuola secondaria primo grado),Totale,Bologna,provincia,2021,34.9,Valori percentuali,Invalsi - Rilevazioni nazionali sugli apprendimenti
02IST010P,Competenza numerica non adeguata (studenti classi III scuola secondaria primo grado),Totale,Bologna,provincia,2022,33.5,Valori percentuali,Invalsi - Rilevazioni nazionali sugli apprendimenti
02IST010P,Competenza numerica non adeguata (studenti classi III scuola secondaria primo grado),Totale,Bologna,provincia,2023,35.8,Valori percentuali,Invalsi - Rilevazioni nazionali sugli apprendimenti
02IST010P,Competenza numerica non adeguata (studenti classi III scuola secondaria primo grado),Totale,Bologna,provincia,2024,36.4,Valori percentuali,Invalsi - Rilevazioni nazionali sugli apprendimenti
02IST010P,Competenza numerica non adeguata (studenti classi III scuola secondaria primo grado),Totale,Ferrara,provincia,2018,34.6,Valori percentuali,Invalsi - Rilevazioni nazionali sugli apprendimenti
02IST010P,Competenza numerica non adeguata (studenti classi III scuola secondaria primo grado),Totale,Ferrara,provincia,2019,34.6,Valori percentuali,Invalsi - Rilevazioni nazionali sugli apprendimenti
02IST010P,Competenza numerica non adeguata (studenti classi III scuola secondaria primo grado),Totale,Ferrara,provincia,2021,41.3,Valori percentuali,Invalsi - Rilevazioni nazionali sugli apprendimenti
02IST010P,Competenza numerica non adeguata (studenti classi III scuola secondaria primo grado),Totale,Ferrara,provincia,2022,40.1,Valori percentuali,Invalsi - Rilevazioni nazionali sugli apprendimenti
02IST010P,Competenza numerica non adeguata (studenti classi III scuola secondaria primo grado),Totale,Ferrara,provincia,2023,42.9,Valori percentuali,Invalsi - Rilevazioni nazionali sugli apprendimenti
02IST010P,Competenza numerica non adeguata (studenti classi III scuola secondaria primo grado),Totale,Ferrara,provincia,2024,44.1,Valori percentuali,Invalsi - Rilevazioni nazionali sugli apprendimenti
02IST010P,Competenza numerica non adeguata (studenti classi III scuola secondaria primo grado),Totale,Ravenna,provincia,2018,29.2,Valori percentuali,Invalsi - Rilevazioni nazionali sugli apprendimenti
02IST010P,Competenza numerica non adeguata (studenti classi III scuola secondaria primo grado),Totale,Ravenna,provincia,2019,30.7,Valori percentuali,Invalsi - Rilevazioni nazionali sugli apprendimenti
02IST010P,Competenza numerica non adeguata (studenti classi III scuola secondaria primo grado),Totale,Ravenna,provincia,2021,35.7,Valori percentuali,Invalsi - Rilevazioni nazionali sugli apprendimenti
02IST010P,Competenza numerica non adeguata (studenti classi III scuola secondaria primo grado),Totale,Ravenna,provincia,2022,34.5,Valori percentuali,Invalsi - Rilevazioni nazionali sugli apprendimenti
02IST010P,Competenza numerica non adeguata (studenti classi III scuola secondaria primo grado),Totale,Ravenna,provincia,2023,36.3,Valori percentuali,Invalsi - Rilevazioni nazionali sugli apprendimenti
02IST010P,Competenza numerica non adeguata (studenti classi III scuola secondaria primo grado),Totale,Ravenna,provincia,2024,35.5,Valori percentuali,Invalsi - Rilevazioni nazionali sugli apprendimenti
02IST010P,Competenza numerica non adeguata (studenti classi III scuola secondaria primo grado),Totale,Forlì-Cesena,provincia,2018,31.9,Valori percentuali,Invalsi - Rilevazioni nazionali sugli apprendimenti
02IST010P,Competenza numerica non adeguata (studenti classi III scuola secondaria primo grado),Totale,Forlì-Cesena,provincia,2019,33.1,Valori percentuali,Invalsi - Rilevazioni nazionali sugli apprendimenti
02IST010P,Competenza numerica non adeguata (studenti classi III scuola secondaria primo grado),Totale,Forlì-Cesena,provincia,2021,37.2,Valori percentuali,Invalsi - Rilevazioni nazionali sugli apprendimenti
02IST010P,Competenza numerica non adeguata (studenti classi III scuola secondaria primo grado),Totale,Forlì-Cesena,provincia,2022,37.5,Valori percentuali,Invalsi - Rilevazioni nazionali sugli apprendimenti
02IST010P,Competenza numerica non adeguata (studenti classi III scuola secondaria primo grado),Totale,Forlì-Cesena,provincia,2023,37.7,Valori percentuali,Invalsi - Rilevazioni nazionali sugli apprendimenti
02IST010P,Competenza numerica non adeguata (studenti classi III scuola secondaria primo grado),Totale,Forlì-Cesena,provincia,2024,37.8,Valori percentuali,Invalsi - Rilevazioni nazionali sugli apprendimenti
02IST010P,Competenza numerica non adeguata (studenti classi III scuola secondaria primo grado),Totale,Rimini,provincia,2018,29.9,Valori percentuali,Invalsi - Rilevazioni nazionali sugli apprendimenti
02IST010P,Competenza numerica non adeguata (studenti classi III scuola secondaria primo grado),Totale,Rimini,provincia,2019,31.3,Valori percentuali,Invalsi - Rilevazioni nazionali sugli apprendimenti
02IST010P,Competenza numerica non adeguata (studenti classi III scuola secondaria primo grado),Totale,Rimini,provincia,2021,38.5,Valori percentuali,Invalsi - Rilevazioni nazionali sugli apprendimenti
02IST010P,Competenza numerica non adeguata (studenti classi III scuola secondaria primo grado),Totale,Rimini,provincia,2022,36.1,Valori percentuali,Invalsi - Rilevazioni nazionali sugli apprendimenti
02IST010P,Competenza numerica non adeguata (studenti classi III scuola secondaria primo grado),Totale,Rimini,provincia,2023,36,Valori percentuali,Invalsi - Rilevazioni nazionali sugli apprendimenti
02IST010P,Competenza numerica non adeguata (studenti classi III scuola secondaria primo grado),Totale,Rimini,provincia,2024,37.9,Valori percentuali,Invalsi - Rilevazioni nazionali sugli apprendimenti
02IST010P,Competenza numerica non adeguata (studenti classi III scuola secondaria primo grado),Totale,Nord-est,ripartizione,2018,30,Valori percentuali,Invalsi - Rilevazioni nazionali sugli apprendimenti
02IST010P,Competenza numerica non adeguata (studenti classi III scuola secondaria primo grado),Totale,Nord-est,ripartizione,2019,30.5,Valori percentuali,Invalsi - Rilevazioni nazionali sugli apprendimenti
02IST010P,Competenza numerica non adeguata (studenti classi III scuola secondaria primo grado),Totale,Nord-est,ripartizione,2021,35.2,Valori percentuali,Invalsi - Rilevazioni nazionali sugli apprendimenti
02IST010P,Competenza numerica non adeguata (studenti classi III scuola secondaria primo grado),Totale,Nord-est,ripartizione,2022,34.9,Valori percentuali,Invalsi - Rilevazioni nazionali sugli apprendimenti
02IST010P,Competenza numerica non adeguata (studenti classi III scuola secondaria primo grado),Totale,Nord-est,ripartizione,2023,35.6,Valori percentuali,Invalsi - Rilevazioni nazionali sugli apprendimenti
02IST010P,Competenza numerica non adeguata (studenti classi III scuola secondaria primo grado),Totale,Nord-est,ripartizione,2024,36.2,Valori percentuali,Invalsi - Rilevazioni nazionali sugli apprendimenti
02IST010P,Competenza numerica non adeguata (studenti classi III scuola secondaria primo grado),Totale,Italia,italia,2018,39.3,Valori percentuali,Invalsi - Rilevazioni nazionali sugli apprendimenti
02IST010P,Competenza numerica non adeguata (studenti classi III scuola secondaria primo grado),Totale,Italia,italia,2019,39.6,Valori percentuali,Invalsi - Rilevazioni nazionali sugli apprendimenti
02IST010P,Competenza numerica non adeguata (studenti classi III scuola secondaria primo grado),Totale,Italia,italia,2021,44.5,Valori percentuali,Invalsi - Rilevazioni nazionali sugli apprendimenti
02IST010P,Competenza numerica non adeguata (studenti classi III scuola secondaria primo grado),Totale,Italia,italia,2022,43.6,Valori percentuali,Invalsi - Rilevazioni nazionali sugli apprendimenti
02IST010P,Competenza numerica non adeguata (studenti classi III scuola secondaria primo grado),Totale,Italia,italia,2023,44.2,Valori percentuali,Invalsi - Rilevazioni nazionali sugli apprendimenti
02IST010P,Competenza numerica non adeguata (studenti classi III scuola secondaria primo grado),Totale,Italia,italia,2024,44,Valori percentuali,Invalsi - Rilevazioni nazionali sugli apprendimenti
02IST011P,Competenza alfabetica non adeguata (studenti classi III scuola secondaria primo grado),Femmine,Emilia-Romagna,regione,2018,26.2,Valori percentuali,Invalsi - Rilevazioni nazionali sugli apprendimenti
02IST011P,Competenza alfabetica non adeguata (studenti classi III scuola secondaria primo grado),Femmine,Emilia-Romagna,regione,2019,27.1,Valori percentuali,Invalsi - Rilevazioni nazionali sugli apprendimenti
02IST011P,Competenza alfabetica non adeguata (studenti classi III scuola secondaria primo grado),Femmine,Emilia-Romagna,regione,2021,29.2,Valori percentuali,Invalsi - Rilevazioni nazionali sugli apprendimenti
02IST011P,Competenza alfabetica non adeguata (studenti classi III scuola secondaria primo grado),Femmine,Emilia-Romagna,regione,2022,29.7,Valori percentuali,Invalsi - Rilevazioni nazionali sugli apprendimenti
02IST011P,Competenza alfabetica non adeguata (studenti classi III scuola secondaria primo grado),Femmine,Emilia-Romagna,regione,2023,30.7,Valori percentuali,Invalsi - Rilevazioni nazionali sugli apprendimenti
02IST011P,Competenza alfabetica non adeguata (studenti classi III scuola secondaria primo grado),Femmine,Emilia-Romagna,regione,2024,32.9,Valori percentuali,Invalsi - Rilevazioni nazionali sugli apprendimenti
02IST011P,Competenza alfabetica non adeguata (studenti classi III scuola secondaria primo grado),Femmine,Piacenza,provincia,2018,30.7,Valori percentuali,Invalsi - Rilevazioni nazionali sugli apprendimenti
02IST011P,Competenza alfabetica non adeguata (studenti classi III scuola secondaria primo grado),Femmine,Piacenza,provincia,2019,31.4,Valori percentuali,Invalsi - Rilevazioni nazionali sugli apprendimenti
02IST011P,Competenza alfabetica non adeguata (studenti classi III scuola secondaria primo grado),Femmine,Piacenza,provincia,2021,31.7,Valori percentuali,Invalsi - Rilevazioni nazionali sugli apprendimenti
02IST011P,Competenza alfabetica non adeguata (studenti classi III scuola secondaria primo grado),Femmine,Piacenza,provincia,2022,33.9,Valori percentuali,Invalsi - Rilevazioni nazionali sugli apprendimenti
02IST011P,Competenza alfabetica non adeguata (studenti classi III scuola secondaria primo grado),Femmine,Piacenza,provincia,2023,32.2,Valori percentuali,Invalsi - Rilevazioni nazionali sugli apprendimenti
02IST011P,Competenza alfabetica non adeguata (studenti classi III scuola secondaria primo grado),Femmine,Piacenza,provincia,2024,32.9,Valori percentuali,Invalsi - Rilevazioni nazionali sugli apprendimenti
02IST011P,Competenza alfabetica non adeguata (studenti classi III scuola secondaria primo grado),Femmine,Parma,provincia,2018,26.4,Valori percentuali,Invalsi - Rilevazioni nazionali sugli apprendimenti
02IST011P,Competenza alfabetica non adeguata (studenti classi III scuola secondaria primo grado),Femmine,Parma,provincia,2019,28.6,Valori percentuali,Invalsi - Rilevazioni nazionali sugli apprendimenti
02IST011P,Competenza alfabetica non adeguata (studenti classi III scuola secondaria primo grado),Femmine,Parma,provincia,2021,30.2,Valori percentuali,Invalsi - Rilevazioni nazionali sugli apprendimenti
02IST011P,Competenza alfabetica non adeguata (studenti classi III scuola secondaria primo grado),Femmine,Parma,provincia,2022,31.3,Valori percentuali,Invalsi - Rilevazioni nazionali sugli apprendimenti
02IST011P,Competenza alfabetica non adeguata (studenti classi III scuola secondaria primo grado),Femmine,Parma,provincia,2023,30.3,Valori percentuali,Invalsi - Rilevazioni nazionali sugli apprendimenti
02IST011P,Competenza alfabetica non adeguata (studenti classi III scuola secondaria primo grado),Femmine,Parma,provincia,2024,33,Valori percentuali,Invalsi - Rilevazioni nazionali sugli apprendimenti
02IST011P,Competenza alfabetica non adeguata (studenti classi III scuola secondaria primo grado),Femmine,Reggio nell'Emilia,provincia,2018,27.8,Valori percentuali,Invalsi - Rilevazioni nazionali sugli apprendimenti
02IST011P,Competenza alfabetica non adeguata (studenti classi III scuola secondaria primo grado),Femmine,Reggio nell'Emilia,provincia,2019,29.2,Valori percentuali,Invalsi - Rilevazioni nazionali sugli apprendimenti
02IST011P,Competenza alfabetica non adeguata (studenti classi III scuola secondaria primo grado),Femmine,Reggio nell'Emilia,provincia,2021,30.7,Valori percentuali,Invalsi - Rilevazioni nazionali sugli apprendimenti
02IST011P,Competenza alfabetica non adeguata (studenti classi III scuola secondaria primo grado),Femmine,Reggio nell'Emilia,provincia,2022,32,Valori percentuali,Invalsi - Rilevazioni nazionali sugli apprendimenti
02IST011P,Competenza alfabetica non adeguata (studenti classi III scuola secondaria primo grado),Femmine,Reggio nell'Emilia,provincia,2023,31.7,Valori percentuali,Invalsi - Rilevazioni nazionali sugli apprendimenti
02IST011P,Competenza alfabetica non adeguata (studenti classi III scuola secondaria primo grado),Femmine,Reggio nell'Emilia,provincia,2024,32.6,Valori percentuali,Invalsi - Rilevazioni nazionali sugli apprendimenti
02IST011P,Competenza alfabetica non adeguata (studenti classi III scuola secondaria primo grado),Femmine,Modena,provincia,2018,27.6,Valori percentuali,Invalsi - Rilevazioni nazionali sugli apprendimenti
02IST011P,Competenza alfabetica non adeguata (studenti classi III scuola secondaria primo grado),Femmine,Modena,provincia,2019,28.6,Valori percentuali,Invalsi - Rilevazioni nazionali sugli apprendimenti
02IST011P,Competenza alfabetica non adeguata (studenti classi III scuola secondaria primo grado),Femmine,Modena,provincia,2021,31.1,Valori percentuali,Invalsi - Rilevazioni nazionali sugli apprendimenti
02IST011P,Competenza alfabetica non adeguata (studenti classi III scuola secondaria primo grado),Femmine,Modena,provincia,2022,31.1,Valori percentuali,Invalsi - Rilevazioni nazionali sugli apprendimenti
02IST011P,Competenza alfabetica non adeguata (studenti classi III scuola secondaria primo grado),Femmine,Modena,provincia,2023,34,Valori percentuali,Invalsi - Rilevazioni nazionali sugli apprendimenti
02IST011P,Competenza alfabetica non adeguata (studenti classi III scuola secondaria primo grado),Femmine,Modena,provincia,2024,34.7,Valori percentuali,Invalsi - Rilevazioni nazionali sugli apprendimenti
02IST011P,Competenza alfabetica non adeguata (studenti classi III scuola secondaria primo grado),Femmine,Bologna,provincia,2018,24.2,Valori percentuali,Invalsi - Rilevazioni nazionali sugli apprendimenti
02IST011P,Competenza alfabetica non adeguata (studenti classi III scuola secondaria primo grado),Femmine,Bologna,provincia,2019,24.7,Valori percentuali,Invalsi - Rilevazioni nazionali sugli apprendimenti
02IST011P,Competenza alfabetica non adeguata (studenti classi III scuola secondaria primo grado),Femmine,Bologna,provincia,2021,26.5,Valori percentuali,Invalsi - Rilevazioni nazionali sugli apprendimenti
02IST011P,Competenza alfabetica non adeguata (studenti classi III scuola secondaria primo grado),Femmine,Bologna,provincia,2022,25.7,Valori percentuali,Invalsi - Rilevazioni nazionali sugli apprendimenti
02IST011P,Competenza alfabetica non adeguata (studenti classi III scuola secondaria primo grado),Femmine,Bologna,provincia,2023,28.1,Valori percentuali,Invalsi - Rilevazioni nazionali sugli apprendimenti
02IST011P,Competenza alfabetica non adeguata (studenti classi III scuola secondaria primo grado),Femmine,Bologna,provincia,2024,30.7,Valori percentuali,Invalsi - Rilevazioni nazionali sugli apprendimenti
02IST011P,Competenza alfabetica non adeguata (studenti classi III scuola secondaria primo grado),Femmine,Ferrara,provincia,2018,29.2,Valori percentuali,Invalsi - Rilevazioni nazionali sugli apprendimenti
02IST011P,Competenza alfabetica non adeguata (studenti classi III scuola secondaria primo grado),Femmine,Ferrara,provincia,2019,29.2,Valori percentuali,Invalsi - Rilevazioni nazionali sugli apprendimenti
02IST011P,Competenza alfabetica non adeguata (studenti classi III scuola secondaria primo grado),Femmine,Ferrara,provincia,2021,32.1,Valori percentuali,Invalsi - Rilevazioni nazionali sugli apprendimenti
02IST011P,Competenza alfabetica non adeguata (studenti classi III scuola secondaria primo grado),Femmine,Ferrara,provincia,2022,33,Valori percentuali,Invalsi - Rilevazioni nazionali sugli apprendimenti
02IST011P,Competenza alfabetica non adeguata (studenti classi III scuola secondaria primo grado),Femmine,Ferrara,provincia,2023,32.7,Valori percentuali,Invalsi - Rilevazioni nazionali sugli apprendimenti
02IST011P,Competenza alfabetica non adeguata (studenti classi III scuola secondaria primo grado),Femmine,Ferrara,provincia,2024,39.2,Valori percentuali,Invalsi - Rilevazioni nazionali sugli apprendimenti
02IST011P,Competenza alfabetica non adeguata (studenti classi III scuola secondaria primo grado),Femmine,Ravenna,provincia,2018,23.8,Valori percentuali,Invalsi - Rilevazioni nazionali sugli apprendimenti
02IST011P,Competenza alfabetica non adeguata (studenti classi III scuola secondaria primo grado),Femmine,Ravenna,provincia,2019,26.7,Valori percentuali,Invalsi - Rilevazioni nazionali sugli apprendimenti
02IST011P,Competenza alfabetica non adeguata (studenti classi III scuola secondaria primo grado),Femmine,Ravenna,provincia,2021,28.8,Valori percentuali,Invalsi - Rilevazioni nazionali sugli apprendimenti
02IST011P,Competenza alfabetica non adeguata (studenti classi III scuola secondaria primo grado),Femmine,Ravenna,provincia,2022,30.2,Valori percentuali,Invalsi - Rilevazioni nazionali sugli apprendimenti
02IST011P,Competenza alfabetica non adeguata (studenti classi III scuola secondaria primo grado),Femmine,Ravenna,provincia,2023,29.7,Valori percentuali,Invalsi - Rilevazioni nazionali sugli apprendimenti
02IST011P,Competenza alfabetica non adeguata (studenti classi III scuola secondaria primo grado),Femmine,Ravenna,provincia,2024,31.1,Valori percentuali,Invalsi - Rilevazioni nazionali sugli apprendimenti
02IST011P,Competenza alfabetica non adeguata (studenti classi III scuola secondaria primo grado),Femmine,Forlì-Cesena,provincia,2018,25.4,Valori percentuali,Invalsi - Rilevazioni nazionali sugli apprendimenti
02IST011P,Competenza alfabetica non adeguata (studenti classi III scuola secondaria primo grado),Femmine,Forlì-Cesena,provincia,2019,25.3,Valori percentuali,Invalsi - Rilevazioni nazionali sugli apprendimenti
02IST011P,Competenza alfabetica non adeguata (studenti classi III scuola secondaria primo grado),Femmine,Forlì-Cesena,provincia,2021,27.4,Valori percentuali,Invalsi - Rilevazioni nazionali sugli apprendimenti
02IST011P,Competenza alfabetica non adeguata (studenti classi III scuola secondaria primo grado),Femmine,Forlì-Cesena,provincia,2022,28.9,Valori percentuali,Invalsi - Rilevazioni nazionali sugli apprendimenti
02IST011P,Competenza alfabetica non adeguata (studenti classi III scuola secondaria primo grado),Femmine,Forlì-Cesena,provincia,2023,30.1,Valori percentuali,Invalsi - Rilevazioni nazionali sugli apprendimenti
02IST011P,Competenza alfabetica non adeguata (studenti classi III scuola secondaria primo grado),Femmine,Forlì-Cesena,provincia,2024,32.3,Valori percentuali,Invalsi - Rilevazioni nazionali sugli apprendimenti
02IST011P,Competenza alfabetica non adeguata (studenti classi III scuola secondaria primo grado),Femmine,Rimini,provincia,2018,23.4,Valori percentuali,Invalsi - Rilevazioni nazionali sugli apprendimenti
02IST011P,Competenza alfabetica non adeguata (studenti classi III scuola secondaria primo grado),Femmine,Rimini,provincia,2019,22.1,Valori percentuali,Invalsi - Rilevazioni nazionali sugli apprendimenti
02IST011P,Competenza alfabetica non adeguata (studenti classi III scuola secondaria primo grado),Femmine,Rimini,provincia,2021,27,Valori percentuali,Invalsi - Rilevazioni nazionali sugli apprendimenti
02IST011P,Competenza alfabetica non adeguata (studenti classi III scuola secondaria primo grado),Femmine,Rimini,provincia,2022,26.5,Valori percentuali,Invalsi - Rilevazioni nazionali sugli apprendimenti
02IST011P,Competenza alfabetica non adeguata (studenti classi III scuola secondaria primo grado),Femmine,Rimini,provincia,2023,28.4,Valori percentuali,Invalsi - Rilevazioni nazionali sugli apprendimenti
02IST011P,Competenza alfabetica non adeguata (studenti classi III scuola secondaria primo grado),Femmine,Rimini,provincia,2024,32.1,Valori percentuali,Invalsi - Rilevazioni nazionali sugli apprendimenti
02IST011P,Competenza alfabetica non adeguata (studenti classi III scuola secondaria primo grado),Femmine,Nord-est,ripartizione,2018,24.9,Valori percentuali,Invalsi - Rilevazioni nazionali sugli apprendimenti
02IST011P,Competenza alfabetica non adeguata (studenti classi III scuola secondaria primo grado),Femmine,Nord-est,ripartizione,2019,25.6,Valori percentuali,Invalsi - Rilevazioni nazionali sugli apprendimenti
02IST011P,Competenza alfabetica non adeguata (studenti classi III scuola secondaria primo grado),Femmine,Nord-est,ripartizione,2021,27.7,Valori percentuali,Invalsi - Rilevazioni nazionali sugli apprendimenti
02IST011P,Competenza alfabetica non adeguata (studenti classi III scuola secondaria primo grado),Femmine,Nord-est,ripartizione,2022,28.4,Valori percentuali,Invalsi - Rilevazioni nazionali sugli apprendimenti
02IST011P,Competenza alfabetica non adeguata (studenti classi III scuola secondaria primo grado),Femmine,Nord-est,ripartizione,2023,29.2,Valori percentuali,Invalsi - Rilevazioni nazionali sugli apprendimenti
02IST011P,Competenza alfabetica non adeguata (studenti classi III scuola secondaria primo grado),Femmine,Nord-est,ripartizione,2024,31.1,Valori percentuali,Invalsi - Rilevazioni nazionali sugli apprendimenti
02IST011P,Competenza alfabetica non adeguata (studenti classi III scuola secondaria primo grado),Femmine,Italia,italia,2018,30.6,Valori percentuali,Invalsi - Rilevazioni nazionali sugli apprendimenti
02IST011P,Competenza alfabetica non adeguata (studenti classi III scuola secondaria primo grado),Femmine,Italia,italia,2019,30.3,Valori percentuali,Invalsi - Rilevazioni nazionali sugli apprendimenti
02IST011P,Competenza alfabetica non adeguata (studenti classi III scuola secondaria primo grado),Femmine,Italia,italia,2021,33.3,Valori percentuali,Invalsi - Rilevazioni nazionali sugli apprendimenti
02IST011P,Competenza alfabetica non adeguata (studenti classi III scuola secondaria primo grado),Femmine,Italia,italia,2022,33.5,Valori percentuali,Invalsi - Rilevazioni nazionali sugli apprendimenti
02IST011P,Competenza alfabetica non adeguata (studenti classi III scuola secondaria primo grado),Femmine,Italia,italia,2023,33.9,Valori percentuali,Invalsi - Rilevazioni nazionali sugli apprendimenti
02IST011P,Competenza alfabetica non adeguata (studenti classi III scuola secondaria primo grado),Femmine,Italia,italia,2024,35.1,Valori percentuali,Invalsi - Rilevazioni nazionali sugli apprendimenti
02IST011P,Competenza alfabetica non adeguata (studenti classi III scuola secondaria primo grado),Maschi,Emilia-Romagna,regione,2018,34.2,Valori percentuali,Invalsi - Rilevazioni nazionali sugli apprendimenti
02IST011P,Competenza alfabetica non adeguata (studenti classi III scuola secondaria primo grado),Maschi,Emilia-Romagna,regione,2019,36.1,Valori percentuali,Invalsi - Rilevazioni nazionali sugli apprendimenti
02IST011P,Competenza alfabetica non adeguata (studenti classi III scuola secondaria primo grado),Maschi,Emilia-Romagna,regione,2021,39.5,Valori percentuali,Invalsi - Rilevazioni nazionali sugli apprendimenti
02IST011P,Competenza alfabetica non adeguata (studenti classi III scuola secondaria primo grado),Maschi,Emilia-Romagna,regione,2022,39.7,Valori percentuali,Invalsi - Rilevazioni nazionali sugli apprendimenti
02IST011P,Competenza alfabetica non adeguata (studenti classi III scuola secondaria primo grado),Maschi,Emilia-Romagna,regione,2023,40.8,Valori percentuali,Invalsi - Rilevazioni nazionali sugli apprendimenti
02IST011P,Competenza alfabetica non adeguata (studenti classi III scuola secondaria primo grado),Maschi,Emilia-Romagna,regione,2024,42.7,Valori percentuali,Invalsi - Rilevazioni nazionali sugli apprendimenti
02IST011P,Competenza alfabetica non adeguata (studenti classi III scuola secondaria primo grado),Maschi,Piacenza,provincia,2018,36.9,Valori percentuali,Invalsi - Rilevazioni nazionali sugli apprendimenti
02IST011P,Competenza alfabetica non adeguata (studenti classi III scuola secondaria primo grado),Maschi,Piacenza,provincia,2019,40.9,Valori percentuali,Invalsi - Rilevazioni nazionali sugli apprendimenti
02IST011P,Competenza alfabetica non adeguata (studenti classi III scuola secondaria primo grado),Maschi,Piacenza,provincia,2021,41.9,Valori percentuali,Invalsi - Rilevazioni nazionali sugli apprendimenti
02IST011P,Competenza alfabetica non adeguata (studenti classi III scuola secondaria primo grado),Maschi,Piacenza,provincia,2022,44.9,Valori percentuali,Invalsi - Rilevazioni nazionali sugli apprendimenti
02IST011P,Competenza alfabetica non adeguata (studenti classi III scuola secondaria primo grado),Maschi,Piacenza,provincia,2023,44.6,Valori percentuali,Invalsi - Rilevazioni nazionali sugli apprendimenti
02IST011P,Competenza alfabetica non adeguata (studenti classi III scuola secondaria primo grado),Maschi,Piacenza,provincia,2024,48.5,Valori percentuali,Invalsi - Rilevazioni nazionali sugli apprendimenti
02IST011P,Competenza alfabetica non adeguata (studenti classi III scuola secondaria primo grado),Maschi,Parma,provincia,2018,36.5,Valori percentuali,Invalsi - Rilevazioni nazionali sugli apprendimenti
02IST011P,Competenza alfabetica non adeguata (studenti classi III scuola secondaria primo grado),Maschi,Parma,provincia,2019,34.6,Valori percentuali,Invalsi - Rilevazioni nazionali sugli apprendimenti
02IST011P,Competenza alfabetica non adeguata (studenti classi III scuola secondaria primo grado),Maschi,Parma,provincia,2021,39.9,Valori percentuali,Invalsi - Rilevazioni nazionali sugli apprendimenti
02IST011P,Competenza alfabetica non adeguata (studenti classi III scuola secondaria primo grado),Maschi,Parma,provincia,2022,41.3,Valori percentuali,Invalsi - Rilevazioni nazionali sugli apprendimenti
02IST011P,Competenza alfabetica non adeguata (studenti classi III scuola secondaria primo grado),Maschi,Parma,provincia,2023,42.9,Valori percentuali,Invalsi - Rilevazioni nazionali sugli apprendimenti
02IST011P,Competenza alfabetica non adeguata (studenti classi III scuola secondaria primo grado),Maschi,Parma,provincia,2024,44.9,Valori percentuali,Invalsi - Rilevazioni nazionali sugli apprendimenti
02IST011P,Competenza alfabetica non adeguata (studenti classi III scuola secondaria primo grado),Maschi,Reggio nell'Emilia,provincia,2018,37.3,Valori percentuali,Invalsi - Rilevazioni nazionali sugli apprendimenti
02IST011P,Competenza alfabetica non adeguata (studenti classi III scuola secondaria primo grado),Maschi,Reggio nell'Emilia,provincia,2019,38.8,Valori percentuali,Invalsi - Rilevazioni nazionali sugli apprendimenti
02IST011P,Competenza alfabetica non adeguata (studenti classi III scuola secondaria primo grado),Maschi,Reggio nell'Emilia,provincia,2021,40.7,Valori percentuali,Invalsi - Rilevazioni nazionali sugli apprendimenti
02IST011P,Competenza alfabetica non adeguata (studenti classi III scuola secondaria primo grado),Maschi,Reggio nell'Emilia,provincia,2022,39.2,Valori percentuali,Invalsi - Rilevazioni nazionali sugli apprendimenti
02IST011P,Competenza alfabetica non adeguata (studenti classi III scuola secondaria primo grado),Maschi,Reggio nell'Emilia,provincia,2023,40,Valori percentuali,Invalsi - Rilevazioni nazionali sugli apprendimenti
02IST011P,Competenza alfabetica non adeguata (studenti classi III scuola secondaria primo grado),Maschi,Reggio nell'Emilia,provincia,2024,42.4,Valori percentuali,Invalsi - Rilevazioni nazionali sugli apprendimenti
02IST011P,Competenza alfabetica non adeguata (studenti classi III scuola secondaria primo grado),Maschi,Modena,provincia,2018,37.2,Valori percentuali,Invalsi - Rilevazioni nazionali sugli apprendimenti
02IST011P,Competenza alfabetica non adeguata (studenti classi III scuola secondaria primo grado),Maschi,Modena,provincia,2019,38.1,Valori percentuali,Invalsi - Rilevazioni nazionali sugli apprendimenti
02IST011P,Competenza alfabetica non adeguata (studenti classi III scuola secondaria primo grado),Maschi,Modena,provincia,2021,41.3,Valori percentuali,Invalsi - Rilevazioni nazionali sugli apprendimenti
02IST011P,Competenza alfabetica non adeguata (studenti classi III scuola secondaria primo grado),Maschi,Modena,provincia,2022,41.7,Valori percentuali,Invalsi - Rilevazioni nazionali sugli apprendimenti
02IST011P,Competenza alfabetica non adeguata (studenti classi III scuola secondaria primo grado),Maschi,Modena,provincia,2023,43.4,Valori percentuali,Invalsi - Rilevazioni nazionali sugli apprendimenti
02IST011P,Competenza alfabetica non adeguata (studenti classi III scuola secondaria primo grado),Maschi,Modena,provincia,2024,42.7,Valori percentuali,Invalsi - Rilevazioni nazionali sugli apprendimenti
02IST011P,Competenza alfabetica non adeguata (studenti classi III scuola secondaria primo grado),Maschi,Bologna,provincia,2018,30.2,Valori percentuali,Invalsi - Rilevazioni nazionali sugli apprendimenti
02IST011P,Competenza alfabetica non adeguata (studenti classi III scuola secondaria primo grado),Maschi,Bologna,provincia,2019,33.7,Valori percentuali,Invalsi - Rilevazioni nazionali sugli apprendimenti
02IST011P,Competenza alfabetica non adeguata (studenti classi III scuola secondaria primo grado),Maschi,Bologna,provincia,2021,37.1,Valori percentuali,Invalsi - Rilevazioni nazionali sugli apprendimenti
02IST011P,Competenza alfabetica non adeguata (studenti classi III scuola secondaria primo grado),Maschi,Bologna,provincia,2022,36.9,Valori percentuali,Invalsi - Rilevazioni nazionali sugli apprendimenti
02IST011P,Competenza alfabetica non adeguata (studenti classi III scuola secondaria primo grado),Maschi,Bologna,provincia,2023,37.9,Valori percentuali,Invalsi - Rilevazioni nazionali sugli apprendimenti
02IST011P,Competenza alfabetica non adeguata (studenti classi III scuola secondaria primo grado),Maschi,Bologna,provincia,2024,40.5,Valori percentuali,Invalsi - Rilevazioni nazionali sugli apprendimenti
02IST011P,Competenza alfabetica non adeguata (studenti classi III scuola secondaria primo grado),Maschi,Ferrara,provincia,2018,35,Valori percentuali,Invalsi - Rilevazioni nazionali sugli apprendimenti
02IST011P,Competenza alfabetica non adeguata (studenti classi III scuola secondaria primo grado),Maschi,Ferrara,provincia,2019,37.6,Valori percentuali,Invalsi - Rilevazioni nazionali sugli apprendimenti
02IST011P,Competenza alfabetica non adeguata (studenti classi III scuola secondaria primo grado),Maschi,Ferrara,provincia,2021,41.7,Valori percentuali,Invalsi - Rilevazioni nazionali sugli apprendimenti
02IST011P,Competenza alfabetica non adeguata (studenti classi III scuola secondaria primo grado),Maschi,Ferrara,provincia,2022,43.5,Valori percentuali,Invalsi - Rilevazioni nazionali sugli apprendimenti
02IST011P,Competenza alfabetica non adeguata (studenti classi III scuola secondaria primo grado),Maschi,Ferrara,provincia,2023,43.7,Valori percentuali,Invalsi - Rilevazioni nazionali sugli apprendimenti
02IST011P,Competenza alfabetica non adeguata (studenti classi III scuola secondaria primo grado),Maschi,Ferrara,provincia,2024,48.2,Valori percentuali,Invalsi - Rilevazioni nazionali sugli apprendimenti
02IST011P,Competenza alfabetica non adeguata (studenti classi III scuola secondaria primo grado),Maschi,Ravenna,provincia,2018,32.7,Valori percentuali,Invalsi - Rilevazioni nazionali sugli apprendimenti
02IST011P,Competenza alfabetica non adeguata (studenti classi III scuola secondaria primo grado),Maschi,Ravenna,provincia,2019,34.5,Valori percentuali,Invalsi - Rilevazioni nazionali sugli apprendimenti
02IST011P,Competenza alfabetica non adeguata (studenti classi III scuola secondaria primo grado),Maschi,Ravenna,provincia,2021,39.4,Valori percentuali,Invalsi - Rilevazioni nazionali sugli apprendimenti
02IST011P,Competenza alfabetica non adeguata (studenti classi III scuola secondaria primo grado),Maschi,Ravenna,provincia,2022,36.8,Valori percentuali,Invalsi - Rilevazioni nazionali sugli apprendimenti
02IST011P,Competenza alfabetica non adeguata (studenti classi III scuola secondaria primo grado),Maschi,Ravenna,provincia,2023,39,Valori percentuali,Invalsi - Rilevazioni nazionali sugli apprendimenti
02IST011P,Competenza alfabetica non adeguata (studenti classi III scuola secondaria primo grado),Maschi,Ravenna,provincia,2024,41.5,Valori percentuali,Invalsi - Rilevazioni nazionali sugli apprendimenti
02IST011P,Competenza alfabetica non adeguata (studenti classi III scuola secondaria primo grado),Maschi,Forlì-Cesena,provincia,2018,31.9,Valori percentuali,Invalsi - Rilevazioni nazionali sugli apprendimenti
02IST011P,Competenza alfabetica non adeguata (studenti classi III scuola secondaria primo grado),Maschi,Forlì-Cesena,provincia,2019,35.7,Valori percentuali,Invalsi - Rilevazioni nazionali sugli apprendimenti
02IST011P,Competenza alfabetica non adeguata (studenti classi III scuola secondaria primo grado),Maschi,Forlì-Cesena,provincia,2021,38.9,Valori percentuali,Invalsi - Rilevazioni nazionali sugli apprendimenti
02IST011P,Competenza alfabetica non adeguata (studenti classi III scuola secondaria primo grado),Maschi,Forlì-Cesena,provincia,2022,39.2,Valori percentuali,Invalsi - Rilevazioni nazionali sugli apprendimenti
02IST011P,Competenza alfabetica non adeguata (studenti classi III scuola secondaria primo grado),Maschi,Forlì-Cesena,provincia,2023,42.2,Valori percentuali,Invalsi - Rilevazioni nazionali sugli apprendimenti
02IST011P,Competenza alfabetica non adeguata (studenti classi III scuola secondaria primo grado),Maschi,Forlì-Cesena,provincia,2024,42.5,Valori percentuali,Invalsi - Rilevazioni nazionali sugli apprendimenti
02IST011P,Competenza alfabetica non adeguata (studenti classi III scuola secondaria primo grado),Maschi,Rimini,provincia,2018,31.8,Valori percentuali,Invalsi - Rilevazioni nazionali sugli apprendimenti
02IST011P,Competenza alfabetica non adeguata (studenti classi III scuola secondaria primo grado),Maschi,Rimini,provincia,2019,33.4,Valori percentuali,Invalsi - Rilevazioni nazionali sugli apprendimenti
02IST011P,Competenza alfabetica non adeguata (studenti classi III scuola secondaria primo grado),Maschi,Rimini,provincia,2021,37.5,Valori percentuali,Invalsi - Rilevazioni nazionali sugli apprendimenti
02IST011P,Competenza alfabetica non adeguata (studenti classi III scuola secondaria primo grado),Maschi,Rimini,provincia,2022,37.7,Valori percentuali,Invalsi - Rilevazioni nazionali sugli apprendimenti
02IST011P,Competenza alfabetica non adeguata (studenti classi III scuola secondaria primo grado),Maschi,Rimini,provincia,2023,36.7,Valori percentuali,Invalsi - Rilevazioni nazionali sugli apprendimenti
02IST011P,Competenza alfabetica non adeguata (studenti classi III scuola secondaria primo grado),Maschi,Rimini,provincia,2024,39,Valori percentuali,Invalsi - Rilevazioni nazionali sugli apprendimenti
02IST011P,Competenza alfabetica non adeguata (studenti classi III scuola secondaria primo grado),Maschi,Nord-est,ripartizione,2018,33,Valori percentuali,Invalsi - Rilevazioni nazionali sugli apprendimenti
02IST011P,Competenza alfabetica non adeguata (studenti classi III scuola secondaria primo grado),Maschi,Nord-est,ripartizione,2019,34.8,Valori percentuali,Invalsi - Rilevazioni nazionali sugli apprendimenti
02IST011P,Competenza alfabetica non adeguata (studenti classi III scuola secondaria primo grado),Maschi,Nord-est,ripartizione,2021,38.2,Valori percentuali,Invalsi - Rilevazioni nazionali sugli apprendimenti
02IST011P,Competenza alfabetica non adeguata (studenti classi III scuola secondaria primo grado),Maschi,Nord-est,ripartizione,2022,38.6,Valori percentuali,Invalsi - Rilevazioni nazionali sugli apprendimenti
02IST011P,Competenza alfabetica non adeguata (studenti classi III scuola secondaria primo grado),Maschi,Nord-est,ripartizione,2023,39.2,Valori percentuali,Invalsi - Rilevazioni nazionali sugli apprendimenti
02IST011P,Competenza alfabetica non adeguata (studenti classi III scuola secondaria primo grado),Maschi,Nord-est,ripartizione,2024,40.8,Valori percentuali,Invalsi - Rilevazioni nazionali sugli apprendimenti
02IST011P,Competenza alfabetica non adeguata (studenti classi III scuola secondaria primo grado),Maschi,Italia,italia,2018,38,Valori percentuali,Invalsi - Rilevazioni nazionali sugli apprendimenti
02IST011P,Competenza alfabetica non adeguata (studenti classi III scuola secondaria primo grado),Maschi,Italia,italia,2019,39.8,Valori percentuali,Invalsi - Rilevazioni nazionali sugli apprendimenti
02IST011P,Competenza alfabetica non adeguata (studenti classi III scuola secondaria primo grado),Maschi,Italia,italia,2021,43.4,Valori percentuali,Invalsi - Rilevazioni nazionali sugli apprendimenti
02IST011P,Competenza alfabetica non adeguata (studenti classi III scuola secondaria primo grado),Maschi,Italia,italia,2022,43.4,Valori percentuali,Invalsi - Rilevazioni nazionali sugli apprendimenti
02IST011P,Competenza alfabetica non adeguata (studenti classi III scuola secondaria primo grado),Maschi,Italia,italia,2023,42.9,Valori percentuali,Invalsi - Rilevazioni nazionali sugli apprendimenti
02IST011P,Competenza alfabetica non adeguata (studenti classi III scuola secondaria primo grado),Maschi,Italia,italia,2024,44.4,Valori percentuali,Invalsi - Rilevazioni nazionali sugli apprendimenti
02IST011P,Competenza alfabetica non adeguata (studenti classi III scuola secondaria primo grado),Totale,Emilia-Romagna,regione,2018,30.3,Valori percentuali,Invalsi - Rilevazioni nazionali sugli apprendimenti
02IST011P,Competenza alfabetica non adeguata (studenti classi III scuola secondaria primo grado),Totale,Emilia-Romagna,regione,2019,31.7,Valori percentuali,Invalsi - Rilevazioni nazionali sugli apprendimenti
02IST011P,Competenza alfabetica non adeguata (studenti classi III scuola secondaria primo grado),Totale,Emilia-Romagna,regione,2021,34.5,Valori percentuali,Invalsi - Rilevazioni nazionali sugli apprendimenti
02IST011P,Competenza alfabetica non adeguata (studenti classi III scuola secondaria primo grado),Totale,Emilia-Romagna,regione,2022,34.8,Valori percentuali,Invalsi - Rilevazioni nazionali sugli apprendimenti
02IST011P,Competenza alfabetica non adeguata (studenti classi III scuola secondaria primo grado),Totale,Emilia-Romagna,regione,2023,35.8,Valori percentuali,Invalsi - Rilevazioni nazionali sugli apprendimenti
02IST011P,Competenza alfabetica non adeguata (studenti classi III scuola secondaria primo grado),Totale,Emilia-Romagna,regione,2024,37.9,Valori percentuali,Invalsi - Rilevazioni nazionali sugli apprendimenti
02IST011P,Competenza alfabetica non adeguata (studenti classi III scuola secondaria primo grado),Totale,Piacenza,provincia,2018,33.8,Valori percentuali,Invalsi - Rilevazioni nazionali sugli apprendimenti
02IST011P,Competenza alfabetica non adeguata (studenti classi III scuola secondaria primo grado),Totale,Piacenza,provincia,2019,36.2,Valori percentuali,Invalsi - Rilevazioni nazionali sugli apprendimenti
02IST011P,Competenza alfabetica non adeguata (studenti classi III scuola secondaria primo grado),Totale,Piacenza,provincia,2021,37,Valori percentuali,Invalsi - Rilevazioni nazionali sugli apprendimenti
02IST011P,Competenza alfabetica non adeguata (studenti classi III scuola secondaria primo grado),Totale,Piacenza,provincia,2022,39.6,Valori percentuali,Invalsi - Rilevazioni nazionali sugli apprendimenti
02IST011P,Competenza alfabetica non adeguata (studenti classi III scuola secondaria primo grado),Totale,Piacenza,provincia,2023,38.6,Valori percentuali,Invalsi - Rilevazioni nazionali sugli apprendimenti
02IST011P,Competenza alfabetica non adeguata (studenti classi III scuola secondaria primo grado),Totale,Piacenza,provincia,2024,41.1,Valori percentuali,Invalsi - Rilevazioni nazionali sugli apprendimenti
02IST011P,Competenza alfabetica non adeguata (studenti classi III scuola secondaria primo grado),Totale,Parma,provincia,2018,31.5,Valori percentuali,Invalsi - Rilevazioni nazionali sugli apprendimenti
02IST011P,Competenza alfabetica non adeguata (studenti classi III scuola secondaria primo grado),Totale,Parma,provincia,2019,31.7,Valori percentuali,Invalsi - Rilevazioni nazionali sugli apprendimenti
02IST011P,Competenza alfabetica non adeguata (studenti classi III scuola secondaria primo grado),Totale,Parma,provincia,2021,35.3,Valori percentuali,Invalsi - Rilevazioni nazionali sugli apprendimenti
02IST011P,Competenza alfabetica non adeguata (studenti classi III scuola secondaria primo grado),Totale,Parma,provincia,2022,36.6,Valori percentuali,Invalsi - Rilevazioni nazionali sugli apprendimenti
02IST011P,Competenza alfabetica non adeguata (studenti classi III scuola secondaria primo grado),Totale,Parma,provincia,2023,36.7,Valori percentuali,Invalsi - Rilevazioni nazionali sugli apprendimenti
02IST011P,Competenza alfabetica non adeguata (studenti classi III scuola secondaria primo grado),Totale,Parma,provincia,2024,39.1,Valori percentuali,Invalsi - Rilevazioni nazionali sugli apprendimenti
02IST011P,Competenza alfabetica non adeguata (studenti classi III scuola secondaria primo grado),Totale,Reggio nell'Emilia,provincia,2018,32.8,Valori percentuali,Invalsi - Rilevazioni nazionali sugli apprendimenti
02IST011P,Competenza alfabetica non adeguata (studenti classi III scuola secondaria primo grado),Totale,Reggio nell'Emilia,provincia,2019,34.1,Valori percentuali,Invalsi - Rilevazioni nazionali sugli apprendimenti
02IST011P,Competenza alfabetica non adeguata (studenti classi III scuola secondaria primo grado),Totale,Reggio nell'Emilia,provincia,2021,35.9,Valori percentuali,Invalsi - Rilevazioni nazionali sugli apprendimenti
02IST011P,Competenza alfabetica non adeguata (studenti classi III scuola secondaria primo grado),Totale,Reggio nell'Emilia,provincia,2022,35.6,Valori percentuali,Invalsi - Rilevazioni nazionali sugli apprendimenti
02IST011P,Competenza alfabetica non adeguata (studenti classi III scuola secondaria primo grado),Totale,Reggio nell'Emilia,provincia,2023,36,Valori percentuali,Invalsi - Rilevazioni nazionali sugli apprendimenti
02IST011P,Competenza alfabetica non adeguata (studenti classi III scuola secondaria primo grado),Totale,Reggio nell'Emilia,provincia,2024,37.6,Valori percentuali,Invalsi - Rilevazioni nazionali sugli apprendimenti
02IST011P,Competenza alfabetica non adeguata (studenti classi III scuola secondaria primo grado),Totale,Modena,provincia,2018,32.6,Valori percentuali,Invalsi - Rilevazioni nazionali sugli apprendimenti
02IST011P,Competenza alfabetica non adeguata (studenti classi III scuola secondaria primo grado),Totale,Modena,provincia,2019,33.4,Valori percentuali,Invalsi - Rilevazioni nazionali sugli apprendimenti
02IST011P,Competenza alfabetica non adeguata (studenti classi III scuola secondaria primo grado),Totale,Modena,provincia,2021,36.3,Valori percentuali,Invalsi - Rilevazioni nazionali sugli apprendimenti
02IST011P,Competenza alfabetica non adeguata (studenti classi III scuola secondaria primo grado),Totale,Modena,provincia,2022,36.6,Valori percentuali,Invalsi - Rilevazioni nazionali sugli apprendimenti
02IST011P,Competenza alfabetica non adeguata (studenti classi III scuola secondaria primo grado),Totale,Modena,provincia,2023,38.8,Valori percentuali,Invalsi - Rilevazioni nazionali sugli apprendimenti
02IST011P,Competenza alfabetica non adeguata (studenti classi III scuola secondaria primo grado),Totale,Modena,provincia,2024,38.8,Valori percentuali,Invalsi - Rilevazioni nazionali sugli apprendimenti
02IST011P,Competenza alfabetica non adeguata (studenti classi III scuola secondaria primo grado),Totale,Bologna,provincia,2018,27.3,Valori percentuali,Invalsi - Rilevazioni nazionali sugli apprendimenti
02IST011P,Competenza alfabetica non adeguata (studenti classi III scuola secondaria primo grado),Totale,Bologna,provincia,2019,29.3,Valori percentuali,Invalsi - Rilevazioni nazionali sugli apprendimenti
02IST011P,Competenza alfabetica non adeguata (studenti classi III scuola secondaria primo grado),Totale,Bologna,provincia,2021,31.9,Valori percentuali,Invalsi - Rilevazioni nazionali sugli apprendimenti
02IST011P,Competenza alfabetica non adeguata (studenti classi III scuola secondaria primo grado),Totale,Bologna,provincia,2022,31.5,Valori percentuali,Invalsi - Rilevazioni nazionali sugli apprendimenti
02IST011P,Competenza alfabetica non adeguata (studenti classi III scuola secondaria primo grado),Totale,Bologna,provincia,2023,33,Valori percentuali,Invalsi - Rilevazioni nazionali sugli apprendimenti
02IST011P,Competenza alfabetica non adeguata (studenti classi III scuola secondaria primo grado),Totale,Bologna,provincia,2024,35.8,Valori percentuali,Invalsi - Rilevazioni nazionali sugli apprendimenti
02IST011P,Competenza alfabetica non adeguata (studenti classi III scuola secondaria primo grado),Totale,Ferrara,provincia,2018,32.2,Valori percentuali,Invalsi - Rilevazioni nazionali sugli apprendimenti
02IST011P,Competenza alfabetica non adeguata (studenti classi III scuola secondaria primo grado),Totale,Ferrara,provincia,2019,33.6,Valori percentuali,Invalsi - Rilevazioni nazionali sugli apprendimenti
02IST011P,Competenza alfabetica non adeguata (studenti classi III scuola secondaria primo grado),Totale,Ferrara,provincia,2021,37.2,Valori percentuali,Invalsi - Rilevazioni nazionali sugli apprendimenti
02IST011P,Competenza alfabetica non adeguata (studenti classi III scuola secondaria primo grado),Totale,Ferrara,provincia,2022,38.4,Valori percentuali,Invalsi - Rilevazioni nazionali sugli apprendimenti
02IST011P,Competenza alfabetica non adeguata (studenti classi III scuola secondaria primo grado),Totale,Ferrara,provincia,2023,38.3,Valori percentuali,Invalsi - Rilevazioni nazionali sugli apprendimenti
02IST011P,Competenza alfabetica non adeguata (studenti classi III scuola secondaria primo grado),Totale,Ferrara,provincia,2024,43.7,Valori percentuali,Invalsi - Rilevazioni nazionali sugli apprendimenti
02IST011P,Competenza alfabetica non adeguata (studenti classi III scuola secondaria primo grado),Totale,Ravenna,provincia,2018,28.4,Valori percentuali,Invalsi - Rilevazioni nazionali sugli apprendimenti
02IST011P,Competenza alfabetica non adeguata (studenti classi III scuola secondaria primo grado),Totale,Ravenna,provincia,2019,30.7,Valori percentuali,Invalsi - Rilevazioni nazionali sugli apprendimenti
02IST011P,Competenza alfabetica non adeguata (studenti classi III scuola secondaria primo grado),Totale,Ravenna,provincia,2021,34.2,Valori percentuali,Invalsi - Rilevazioni nazionali sugli apprendimenti
02IST011P,Competenza alfabetica non adeguata (studenti classi III scuola secondaria primo grado),Totale,Ravenna,provincia,2022,33.6,Valori percentuali,Invalsi - Rilevazioni nazionali sugli apprendimenti
02IST011P,Competenza alfabetica non adeguata (studenti classi III scuola secondaria primo grado),Totale,Ravenna,provincia,2023,34.5,Valori percentuali,Invalsi - Rilevazioni nazionali sugli apprendimenti
02IST011P,Competenza alfabetica non adeguata (studenti classi III scuola secondaria primo grado),Totale,Ravenna,provincia,2024,36.4,Valori percentuali,Invalsi - Rilevazioni nazionali sugli apprendimenti
02IST011P,Competenza alfabetica non adeguata (studenti classi III scuola secondaria primo grado),Totale,Forlì-Cesena,provincia,2018,28.7,Valori percentuali,Invalsi - Rilevazioni nazionali sugli apprendimenti
02IST011P,Competenza alfabetica non adeguata (studenti classi III scuola secondaria primo grado),Totale,Forlì-Cesena,provincia,2019,30.7,Valori percentuali,Invalsi - Rilevazioni nazionali sugli apprendimenti
02IST011P,Competenza alfabetica non adeguata (studenti classi III scuola secondaria primo grado),Totale,Forlì-Cesena,provincia,2021,33.4,Valori percentuali,Invalsi - Rilevazioni nazionali sugli apprendimenti
02IST011P,Competenza alfabetica non adeguata (studenti classi III scuola secondaria primo grado),Totale,Forlì-Cesena,provincia,2022,34.2,Valori percentuali,Invalsi - Rilevazioni nazionali sugli apprendimenti
02IST011P,Competenza alfabetica non adeguata (studenti classi III scuola secondaria primo grado),Totale,Forlì-Cesena,provincia,2023,36.4,Valori percentuali,Invalsi - Rilevazioni nazionali sugli apprendimenti
02IST011P,Competenza alfabetica non adeguata (studenti classi III scuola secondaria primo grado),Totale,Forlì-Cesena,provincia,2024,37.7,Valori percentuali,Invalsi - Rilevazioni nazionali sugli apprendimenti
02IST011P,Competenza alfabetica non adeguata (studenti classi III scuola secondaria primo grado),Totale,Rimini,provincia,2018,27.6,Valori percentuali,Invalsi - Rilevazioni nazionali sugli apprendimenti
02IST011P,Competenza alfabetica non adeguata (studenti classi III scuola secondaria primo grado),Totale,Rimini,provincia,2019,27.9,Valori percentuali,Invalsi - Rilevazioni nazionali sugli apprendimenti
02IST011P,Competenza alfabetica non adeguata (studenti classi III scuola secondaria primo grado),Totale,Rimini,provincia,2021,32.4,Valori percentuali,Invalsi - Rilevazioni nazionali sugli apprendimenti
02IST011P,Competenza alfabetica non adeguata (studenti classi III scuola secondaria primo grado),Totale,Rimini,provincia,2022,32.2,Valori percentuali,Invalsi - Rilevazioni nazionali sugli apprendimenti
02IST011P,Competenza alfabetica non adeguata (studenti classi III scuola secondaria primo grado),Totale,Rimini,provincia,2023,32.5,Valori percentuali,Invalsi - Rilevazioni nazionali sugli apprendimenti
02IST011P,Competenza alfabetica non adeguata (studenti classi III scuola secondaria primo grado),Totale,Rimini,provincia,2024,35.6,Valori percentuali,Invalsi - Rilevazioni nazionali sugli apprendimenti
02IST011P,Competenza alfabetica non adeguata (studenti classi III scuola secondaria primo grado),Totale,Nord-est,ripartizione,2018,29.1,Valori percentuali,Invalsi - Rilevazioni nazionali sugli apprendimenti
02IST011P,Competenza alfabetica non adeguata (studenti classi III scuola secondaria primo grado),Totale,Nord-est,ripartizione,2019,30.4,Valori percentuali,Invalsi - Rilevazioni nazionali sugli apprendimenti
02IST011P,Competenza alfabetica non adeguata (studenti classi III scuola secondaria primo grado),Totale,Nord-est,ripartizione,2021,33.1,Valori percentuali,Invalsi - Rilevazioni nazionali sugli apprendimenti
02IST011P,Competenza alfabetica non adeguata (studenti classi III scuola secondaria primo grado),Totale,Nord-est,ripartizione,2022,33.7,Valori percentuali,Invalsi - Rilevazioni nazionali sugli apprendimenti
02IST011P,Competenza alfabetica non adeguata (studenti classi III scuola secondaria primo grado),Totale,Nord-est,ripartizione,2023,34.3,Valori percentuali,Invalsi - Rilevazioni nazionali sugli apprendimenti
02IST011P,Competenza alfabetica non adeguata (studenti classi III scuola secondaria primo grado),Totale,Nord-est,ripartizione,2024,36,Valori percentuali,Invalsi - Rilevazioni nazionali sugli apprendimenti
02IST011P,Competenza alfabetica non adeguata (studenti classi III scuola secondaria primo grado),Totale,Italia,italia,2018,34.4,Valori percentuali,Invalsi - Rilevazioni nazionali sugli apprendimenti
02IST011P,Competenza alfabetica non adeguata (studenti classi III scuola secondaria primo grado),Totale,Italia,italia,2019,35.2,Valori percentuali,Invalsi - Rilevazioni nazionali sugli apprendimenti
02IST011P,Competenza alfabetica non adeguata (studenti classi III scuola secondaria primo grado),Totale,Italia,italia,2021,38.5,Valori percentuali,Invalsi - Rilevazioni nazionali sugli apprendimenti
02IST011P,Competenza alfabetica non adeguata (studenti classi III scuola secondaria primo grado),Totale,Italia,italia,2022,38.6,Valori percentuali,Invalsi - Rilevazioni nazionali sugli apprendimenti
02IST011P,Competenza alfabetica non adeguata (studenti classi III scuola secondaria primo grado),Totale,Italia,italia,2023,38.5,Valori percentuali,Invalsi - Rilevazioni nazionali sugli apprendimenti
02IST011P,Competenza alfabetica non adeguata (studenti classi III scuola secondaria primo grado),Totale,Italia,italia,2024,39.9,Valori percentuali,Invalsi - Rilevazioni nazionali sugli apprendimenti
12SER002,Bambini che hanno usufruito dei servizi comunali per l'infanzia,Totale,Emilia-Romagna,regione,2004,27.5,Valori percentuali,Istat - Indagine sugli interventi e i servizi sociali dei comuni singoli e associati
12SER002,Bambini che hanno usufruito dei servizi comunali per l'infanzia,Totale,Emilia-Romagna,regione,2005,28.3,Valori percentuali,Istat - Indagine sugli interventi e i servizi sociali dei comuni singoli e associati
12SER002,Bambini che hanno usufruito dei servizi comunali per l'infanzia,Totale,Emilia-Romagna,regione,2006,27.7,Valori percentuali,Istat - Indagine sugli interventi e i servizi sociali dei comuni singoli e associati
12SER002,Bambini che hanno usufruito dei servizi comunali per l'infanzia,Totale,Emilia-Romagna,regione,2007,28.2,Valori percentuali,Istat - Indagine sugli interventi e i servizi sociali dei comuni singoli e associati
12SER002,Bambini che hanno usufruito dei servizi comunali per l'infanzia,Totale,Emilia-Romagna,regione,2008,28.1,Valori percentuali,Istat - Indagine sugli interventi e i servizi sociali dei comuni singoli e associati
12SER002,Bambini che hanno usufruito dei servizi comunali per l'infanzia,Totale,Emilia-Romagna,regione,2009,29.5,Valori percentuali,Istat - Indagine sugli interventi e i servizi sociali dei comuni singoli e associati
12SER002,Bambini che hanno usufruito dei servizi comunali per l'infanzia,Totale,Emilia-Romagna,regione,2010,29.4,Valori percentuali,Istat - Indagine sugli interventi e i servizi sociali dei comuni singoli e associati
12SER002,Bambini che hanno usufruito dei servizi comunali per l'infanzia,Totale,Emilia-Romagna,regione,2011,26.6,Valori percentuali,Istat - Indagine sugli interventi e i servizi sociali dei comuni singoli e associati
12SER002,Bambini che hanno usufruito dei servizi comunali per l'infanzia,Totale,Emilia-Romagna,regione,2012,26.8,Valori percentuali,Istat - Indagine sugli interventi e i servizi sociali dei comuni singoli e associati
12SER002,Bambini che hanno usufruito dei servizi comunali per l'infanzia,Totale,Emilia-Romagna,regione,2013,26.2,Valori percentuali,Istat - Indagine sugli interventi e i servizi sociali dei comuni singoli e associati
12SER002,Bambini che hanno usufruito dei servizi comunali per l'infanzia,Totale,Emilia-Romagna,regione,2014,25.6,Valori percentuali,Istat - Indagine sugli interventi e i servizi sociali dei comuni singoli e associati
12SER002,Bambini che hanno usufruito dei servizi comunali per l'infanzia,Totale,Emilia-Romagna,regione,2015,25.3,Valori percentuali,Istat - Indagine sugli interventi e i servizi sociali dei comuni singoli e associati
12SER002,Bambini che hanno usufruito dei servizi comunali per l'infanzia,Totale,Emilia-Romagna,regione,2016,25.3,Valori percentuali,Istat - Indagine sugli interventi e i servizi sociali dei comuni singoli e associati
12SER002,Bambini che hanno usufruito dei servizi comunali per l'infanzia,Totale,Emilia-Romagna,regione,2017,26.7,Valori percentuali,Istat - Indagine sugli interventi e i servizi sociali dei comuni singoli e associati
12SER002,Bambini che hanno usufruito dei servizi comunali per l'infanzia,Totale,Emilia-Romagna,regione,2018,27.6,Valori percentuali,Istat - Indagine sugli interventi e i servizi sociali dei comuni singoli e associati
12SER002,Bambini che hanno usufruito dei servizi comunali per l'infanzia,Totale,Emilia-Romagna,regione,2019,28.7,Valori percentuali,Istat - Indagine sugli interventi e i servizi sociali dei comuni singoli e associati
12SER002,Bambini che hanno usufruito dei servizi comunali per l'infanzia,Totale,Emilia-Romagna,regione,2020,28.4,Valori percentuali,Istat - Indagine sugli interventi e i servizi sociali dei comuni singoli e associati
12SER002,Bambini che hanno usufruito dei servizi comunali per l'infanzia,Totale,Emilia-Romagna,regione,2021,30.9,Valori percentuali,Istat - Indagine sugli interventi e i servizi sociali dei comuni singoli e associati
12SER002,Bambini che hanno usufruito dei servizi comunali per l'infanzia,Totale,Emilia-Romagna,regione,2022,32.2,Valori percentuali,Istat - Indagine sugli interventi e i servizi sociali dei comuni singoli e associati
12SER002,Bambini che hanno usufruito dei servizi comunali per l'infanzia,Totale,Piacenza,provincia,2004,21.5,Valori percentuali,Istat - Indagine sugli interventi e i servizi sociali dei comuni singoli e associati
12SER002,Bambini che hanno usufruito dei servizi comunali per l'infanzia,Totale,Piacenza,provincia,2005,27.5,Valori percentuali,Istat - Indagine sugli interventi e i servizi sociali dei comuni singoli e associati
12SER002,Bambini che hanno usufruito dei servizi comunali per l'infanzia,Totale,Piacenza,provincia,2006,25.3,Valori percentuali,Istat - Indagine sugli interventi e i servizi sociali dei comuni singoli e associati
12SER002,Bambini che hanno usufruito dei servizi comunali per l'infanzia,Totale,Piacenza,provincia,2007,23.5,Valori percentuali,Istat - Indagine sugli interventi e i servizi sociali dei comuni singoli e associati
12SER002,Bambini che hanno usufruito dei servizi comunali per l'infanzia,Totale,Piacenza,provincia,2008,23.7,Valori percentuali,Istat - Indagine sugli interventi e i servizi sociali dei comuni singoli e associati
12SER002,Bambini che hanno usufruito dei servizi comunali per l'infanzia,Totale,Piacenza,provincia,2009,21.5,Valori percentuali,Istat - Indagine sugli interventi e i servizi sociali dei comuni singoli e associati
12SER002,Bambini che hanno usufruito dei servizi comunali per l'infanzia,Totale,Piacenza,provincia,2010,21.2,Valori percentuali,Istat - Indagine sugli interventi e i servizi sociali dei comuni singoli e associati
12SER002,Bambini che hanno usufruito dei servizi comunali per l'infanzia,Totale,Piacenza,provincia,2011,17.9,Valori percentuali,Istat - Indagine sugli interventi e i servizi sociali dei comuni singoli e associati
12SER002,Bambini che hanno usufruito dei servizi comunali per l'infanzia,Totale,Piacenza,provincia,2012,18.1,Valori percentuali,Istat - Indagine sugli interventi e i servizi sociali dei comuni singoli e associati
12SER002,Bambini che hanno usufruito dei servizi comunali per l'infanzia,Totale,Piacenza,provincia,2013,18.1,Valori percentuali,Istat - Indagine sugli interventi e i servizi sociali dei comuni singoli e associati
12SER002,Bambini che hanno usufruito dei servizi comunali per l'infanzia,Totale,Piacenza,provincia,2014,16.6,Valori percentuali,Istat - Indagine sugli interventi e i servizi sociali dei comuni singoli e associati
12SER002,Bambini che hanno usufruito dei servizi comunali per l'infanzia,Totale,Piacenza,provincia,2015,16.1,Valori percentuali,Istat - Indagine sugli interventi e i servizi sociali dei comuni singoli e associati
12SER002,Bambini che hanno usufruito dei servizi comunali per l'infanzia,Totale,Piacenza,provincia,2016,17,Valori percentuali,Istat - Indagine sugli interventi e i servizi sociali dei comuni singoli e associati
12SER002,Bambini che hanno usufruito dei servizi comunali per l'infanzia,Totale,Piacenza,provincia,2017,18,Valori percentuali,Istat - Indagine sugli interventi e i servizi sociali dei comuni singoli e associati
12SER002,Bambini che hanno usufruito dei servizi comunali per l'infanzia,Totale,Piacenza,provincia,2018,18.3,Valori percentuali,Istat - Indagine sugli interventi e i servizi sociali dei comuni singoli e associati
12SER002,Bambini che hanno usufruito dei servizi comunali per l'infanzia,Totale,Piacenza,provincia,2019,19.8,Valori percentuali,Istat - Indagine sugli interventi e i servizi sociali dei comuni singoli e associati
12SER002,Bambini che hanno usufruito dei servizi comunali per l'infanzia,Totale,Piacenza,provincia,2020,19.1,Valori percentuali,Istat - Indagine sugli interventi e i servizi sociali dei comuni singoli e associati
12SER002,Bambini che hanno usufruito dei servizi comunali per l'infanzia,Totale,Piacenza,provincia,2021,21.3,Valori percentuali,Istat - Indagine sugli interventi e i servizi sociali dei comuni singoli e associati
12SER002,Bambini che hanno usufruito dei servizi comunali per l'infanzia,Totale,Piacenza,provincia,2022,23.2,Valori percentuali,Istat - Indagine sugli interventi e i servizi sociali dei comuni singoli e associati
12SER002,Bambini che hanno usufruito dei servizi comunali per l'infanzia,Totale,Parma,provincia,2004,21.7,Valori percentuali,Istat - Indagine sugli interventi e i servizi sociali dei comuni singoli e associati
12SER002,Bambini che hanno usufruito dei servizi comunali per l'infanzia,Totale,Parma,provincia,2005,23.9,Valori percentuali,Istat - Indagine sugli interventi e i servizi sociali dei comuni singoli e associati
12SER002,Bambini che hanno usufruito dei servizi comunali per l'infanzia,Totale,Parma,provincia,2006,25.2,Valori percentuali,Istat - Indagine sugli interventi e i servizi sociali dei comuni singoli e associati
12SER002,Bambini che hanno usufruito dei servizi comunali per l'infanzia,Totale,Parma,provincia,2007,27.6,Valori percentuali,Istat - Indagine sugli interventi e i servizi sociali dei comuni singoli e associati
12SER002,Bambini che hanno usufruito dei servizi comunali per l'infanzia,Totale,Parma,provincia,2008,30.6,Valori percentuali,Istat - Indagine sugli interventi e i servizi sociali dei comuni singoli e associati
12SER002,Bambini che hanno usufruito dei servizi comunali per l'infanzia,Totale,Parma,provincia,2009,27.4,Valori percentuali,Istat - Indagine sugli interventi e i servizi sociali dei comuni singoli e associati
12SER002,Bambini che hanno usufruito dei servizi comunali per l'infanzia,Totale,Parma,provincia,2010,28.3,Valori percentuali,Istat - Indagine sugli interventi e i servizi sociali dei comuni singoli e associati
12SER002,Bambini che hanno usufruito dei servizi comunali per l'infanzia,Totale,Parma,provincia,2011,26.2,Valori percentuali,Istat - Indagine sugli interventi e i servizi sociali dei comuni singoli e associati
12SER002,Bambini che hanno usufruito dei servizi comunali per l'infanzia,Totale,Parma,provincia,2012,29.1,Valori percentuali,Istat - Indagine sugli interventi e i servizi sociali dei comuni singoli e associati
12SER002,Bambini che hanno usufruito dei servizi comunali per l'infanzia,Totale,Parma,provincia,2013,25.2,Valori percentuali,Istat - Indagine sugli interventi e i servizi sociali dei comuni singoli e associati
12SER002,Bambini che hanno usufruito dei servizi comunali per l'infanzia,Totale,Parma,provincia,2014,26.5,Valori percentuali,Istat - Indagine sugli interventi e i servizi sociali dei comuni singoli e associati
12SER002,Bambini che hanno usufruito dei servizi comunali per l'infanzia,Totale,Parma,provincia,2015,25.6,Valori percentuali,Istat - Indagine sugli interventi e i servizi sociali dei comuni singoli e associati
12SER002,Bambini che hanno usufruito dei servizi comunali per l'infanzia,Totale,Parma,provincia,2016,25.2,Valori percentuali,Istat - Indagine sugli interventi e i servizi sociali dei comuni singoli e associati
12SER002,Bambini che hanno usufruito dei servizi comunali per l'infanzia,Totale,Parma,provincia,2017,25.5,Valori percentuali,Istat - Indagine sugli interventi e i servizi sociali dei comuni singoli e associati
12SER002,Bambini che hanno usufruito dei servizi comunali per l'infanzia,Totale,Parma,provincia,2018,25.8,Valori percentuali,Istat - Indagine sugli interventi e i servizi sociali dei comuni singoli e associati
12SER002,Bambini che hanno usufruito dei servizi comunali per l'infanzia,Totale,Parma,provincia,2019,25.9,Valori percentuali,Istat - Indagine sugli interventi e i servizi sociali dei comuni singoli e associati
12SER002,Bambini che hanno usufruito dei servizi comunali per l'infanzia,Totale,Parma,provincia,2020,25.4,Valori percentuali,Istat - Indagine sugli interventi e i servizi sociali dei comuni singoli e associati
12SER002,Bambini che hanno usufruito dei servizi comunali per l'infanzia,Totale,Parma,provincia,2021,27.7,Valori percentuali,Istat - Indagine sugli interventi e i servizi sociali dei comuni singoli e associati
12SER002,Bambini che hanno usufruito dei servizi comunali per l'infanzia,Totale,Parma,provincia,2022,28.3,Valori percentuali,Istat - Indagine sugli interventi e i servizi sociali dei comuni singoli e associati
12SER002,Bambini che hanno usufruito dei servizi comunali per l'infanzia,Totale,Reggio nell'Emilia,provincia,2004,27,Valori percentuali,Istat - Indagine sugli interventi e i servizi sociali dei comuni singoli e associati
12SER002,Bambini che hanno usufruito dei servizi comunali per l'infanzia,Totale,Reggio nell'Emilia,provincia,2005,24.6,Valori percentuali,Istat - Indagine sugli interventi e i servizi sociali dei comuni singoli e associati
12SER002,Bambini che hanno usufruito dei servizi comunali per l'infanzia,Totale,Reggio nell'Emilia,provincia,2006,26.3,Valori percentuali,Istat - Indagine sugli interventi e i servizi sociali dei comuni singoli e associati
12SER002,Bambini che hanno usufruito dei servizi comunali per l'infanzia,Totale,Reggio nell'Emilia,provincia,2007,27.5,Valori percentuali,Istat - Indagine sugli interventi e i servizi sociali dei comuni singoli e associati
12SER002,Bambini che hanno usufruito dei servizi comunali per l'infanzia,Totale,Reggio nell'Emilia,provincia,2008,28.2,Valori percentuali,Istat - Indagine sugli interventi e i servizi sociali dei comuni singoli e associati
12SER002,Bambini che hanno usufruito dei servizi comunali per l'infanzia,Totale,Reggio nell'Emilia,provincia,2009,26.3,Valori percentuali,Istat - Indagine sugli interventi e i servizi sociali dei comuni singoli e associati
12SER002,Bambini che hanno usufruito dei servizi comunali per l'infanzia,Totale,Reggio nell'Emilia,provincia,2010,26.5,Valori percentuali,Istat - Indagine sugli interventi e i servizi sociali dei comuni singoli e associati
12SER002,Bambini che hanno usufruito dei servizi comunali per l'infanzia,Totale,Reggio nell'Emilia,provincia,2011,27.4,Valori percentuali,Istat - Indagine sugli interventi e i servizi sociali dei comuni singoli e associati
12SER002,Bambini che hanno usufruito dei servizi comunali per l'infanzia,Totale,Reggio nell'Emilia,provincia,2012,25.9,Valori percentuali,Istat - Indagine sugli interventi e i servizi sociali dei comuni singoli e associati
12SER002,Bambini che hanno usufruito dei servizi comunali per l'infanzia,Totale,Reggio nell'Emilia,provincia,2013,25.1,Valori percentuali,Istat - Indagine sugli interventi e i servizi sociali dei comuni singoli e associati
12SER002,Bambini che hanno usufruito dei servizi comunali per l'infanzia,Totale,Reggio nell'Emilia,provincia,2014,24.8,Valori percentuali,Istat - Indagine sugli interventi e i servizi sociali dei comuni singoli e associati
12SER002,Bambini che hanno usufruito dei servizi comunali per l'infanzia,Totale,Reggio nell'Emilia,provincia,2015,24.8,Valori percentuali,Istat - Indagine sugli interventi e i servizi sociali dei comuni singoli e associati
12SER002,Bambini che hanno usufruito dei servizi comunali per l'infanzia,Totale,Reggio nell'Emilia,provincia,2016,26.1,Valori percentuali,Istat - Indagine sugli interventi e i servizi sociali dei comuni singoli e associati
12SER002,Bambini che hanno usufruito dei servizi comunali per l'infanzia,Totale,Reggio nell'Emilia,provincia,2017,26.9,Valori percentuali,Istat - Indagine sugli interventi e i servizi sociali dei comuni singoli e associati
12SER002,Bambini che hanno usufruito dei servizi comunali per l'infanzia,Totale,Reggio nell'Emilia,provincia,2018,27.9,Valori percentuali,Istat - Indagine sugli interventi e i servizi sociali dei comuni singoli e associati
12SER002,Bambini che hanno usufruito dei servizi comunali per l'infanzia,Totale,Reggio nell'Emilia,provincia,2019,28.6,Valori percentuali,Istat - Indagine sugli interventi e i servizi sociali dei comuni singoli e associati
12SER002,Bambini che hanno usufruito dei servizi comunali per l'infanzia,Totale,Reggio nell'Emilia,provincia,2020,27.4,Valori percentuali,Istat - Indagine sugli interventi e i servizi sociali dei comuni singoli e associati
12SER002,Bambini che hanno usufruito dei servizi comunali per l'infanzia,Totale,Reggio nell'Emilia,provincia,2021,28.2,Valori percentuali,Istat - Indagine sugli interventi e i servizi sociali dei comuni singoli e associati
12SER002,Bambini che hanno usufruito dei servizi comunali per l'infanzia,Totale,Reggio nell'Emilia,provincia,2022,30.9,Valori percentuali,Istat - Indagine sugli interventi e i servizi sociali dei comuni singoli e associati
12SER002,Bambini che hanno usufruito dei servizi comunali per l'infanzia,Totale,Modena,provincia,2004,30.5,Valori percentuali,Istat - Indagine sugli interventi e i servizi sociali dei comuni singoli e associati
12SER002,Bambini che hanno usufruito dei servizi comunali per l'infanzia,Totale,Modena,provincia,2005,29.8,Valori percentuali,Istat - Indagine sugli interventi e i servizi sociali dei comuni singoli e associati
12SER002,Bambini che hanno usufruito dei servizi comunali per l'infanzia,Totale,Modena,provincia,2006,35.7,Valori percentuali,Istat - Indagine sugli interventi e i servizi sociali dei comuni singoli e associati
12SER002,Bambini che hanno usufruito dei servizi comunali per l'infanzia,Totale,Modena,provincia,2007,30.1,Valori percentuali,Istat - Indagine sugli interventi e i servizi sociali dei comuni singoli e associati
12SER002,Bambini che hanno usufruito dei servizi comunali per l'infanzia,Totale,Modena,provincia,2008,28.8,Valori percentuali,Istat - Indagine sugli interventi e i servizi sociali dei comuni singoli e associati
12SER002,Bambini che hanno usufruito dei servizi comunali per l'infanzia,Totale,Modena,provincia,2009,33.4,Valori percentuali,Istat - Indagine sugli interventi e i servizi sociali dei comuni singoli e associati
12SER002,Bambini che hanno usufruito dei servizi comunali per l'infanzia,Totale,Modena,provincia,2010,33,Valori percentuali,Istat - Indagine sugli interventi e i servizi sociali dei comuni singoli e associati
12SER002,Bambini che hanno usufruito dei servizi comunali per l'infanzia,Totale,Modena,provincia,2011,27.4,Valori percentuali,Istat - Indagine sugli interventi e i servizi sociali dei comuni singoli e associati
12SER002,Bambini che hanno usufruito dei servizi comunali per l'infanzia,Totale,Modena,provincia,2012,27.4,Valori percentuali,Istat - Indagine sugli interventi e i servizi sociali dei comuni singoli e associati
12SER002,Bambini che hanno usufruito dei servizi comunali per l'infanzia,Totale,Modena,provincia,2013,27.2,Valori percentuali,Istat - Indagine sugli interventi e i servizi sociali dei comuni singoli e associati
12SER002,Bambini che hanno usufruito dei servizi comunali per l'infanzia,Totale,Modena,provincia,2014,25.8,Valori percentuali,Istat - Indagine sugli interventi e i servizi sociali dei comuni singoli e associati
12SER002,Bambini che hanno usufruito dei servizi comunali per l'infanzia,Totale,Modena,provincia,2015,25.2,Valori percentuali,Istat - Indagine sugli interventi e i servizi sociali dei comuni singoli e associati
12SER002,Bambini che hanno usufruito dei servizi comunali per l'infanzia,Totale,Modena,provincia,2016,26.5,Valori percentuali,Istat - Indagine sugli interventi e i servizi sociali dei comuni singoli e associati
12SER002,Bambini che hanno usufruito dei servizi comunali per l'infanzia,Totale,Modena,provincia,2017,27.8,Valori percentuali,Istat - Indagine sugli interventi e i servizi sociali dei comuni singoli e associati
12SER002,Bambini che hanno usufruito dei servizi comunali per l'infanzia,Totale,Modena,provincia,2018,28.7,Valori percentuali,Istat - Indagine sugli interventi e i servizi sociali dei comuni singoli e associati
12SER002,Bambini che hanno usufruito dei servizi comunali per l'infanzia,Totale,Modena,provincia,2019,30.2,Valori percentuali,Istat - Indagine sugli interventi e i servizi sociali dei comuni singoli e associati
12SER002,Bambini che hanno usufruito dei servizi comunali per l'infanzia,Totale,Modena,provincia,2020,28.6,Valori percentuali,Istat - Indagine sugli interventi e i servizi sociali dei comuni singoli e associati
12SER002,Bambini che hanno usufruito dei servizi comunali per l'infanzia,Totale,Modena,provincia,2021,30.2,Valori percentuali,Istat - Indagine sugli interventi e i servizi sociali dei comuni singoli e associati
12SER002,Bambini che hanno usufruito dei servizi comunali per l'infanzia,Totale,Modena,provincia,2022,32.9,Valori percentuali,Istat - Indagine sugli interventi e i servizi sociali dei comuni singoli e associati
12SER002,Bambini che hanno usufruito dei servizi comunali per l'infanzia,Totale,Bologna,provincia,2004,36.2,Valori percentuali,Istat - Indagine sugli interventi e i servizi sociali dei comuni singoli e associati
12SER002,Bambini che hanno usufruito dei servizi comunali per l'infanzia,Totale,Bologna,provincia,2005,37.3,Valori percentuali,Istat - Indagine sugli interventi e i servizi sociali dei comuni singoli e associati
12SER002,Bambini che hanno usufruito dei servizi comunali per l'infanzia,Totale,Bologna,provincia,2006,33.3,Valori percentuali,Istat - Indagine sugli interventi e i servizi sociali dei comuni singoli e associati
12SER002,Bambini che hanno usufruito dei servizi comunali per l'infanzia,Totale,Bologna,provincia,2007,35.7,Valori percentuali,Istat - Indagine sugli interventi e i servizi sociali dei comuni singoli e associati
12SER002,Bambini che hanno usufruito dei servizi comunali per l'infanzia,Totale,Bologna,provincia,2008,33.8,Valori percentuali,Istat - Indagine sugli interventi e i servizi sociali dei comuni singoli e associati
12SER002,Bambini che hanno usufruito dei servizi comunali per l'infanzia,Totale,Bologna,provincia,2009,35.9,Valori percentuali,Istat - Indagine sugli interventi e i servizi sociali dei comuni singoli e associati
12SER002,Bambini che hanno usufruito dei servizi comunali per l'infanzia,Totale,Bologna,provincia,2010,36.7,Valori percentuali,Istat - Indagine sugli interventi e i servizi sociali dei comuni singoli e associati
12SER002,Bambini che hanno usufruito dei servizi comunali per l'infanzia,Totale,Bologna,provincia,2011,33.4,Valori percentuali,Istat - Indagine sugli interventi e i servizi sociali dei comuni singoli e associati
12SER002,Bambini che hanno usufruito dei servizi comunali per l'infanzia,Totale,Bologna,provincia,2012,34.9,Valori percentuali,Istat - Indagine sugli interventi e i servizi sociali dei comuni singoli e associati
12SER002,Bambini che hanno usufruito dei servizi comunali per l'infanzia,Totale,Bologna,provincia,2013,34.1,Valori percentuali,Istat - Indagine sugli interventi e i servizi sociali dei comuni singoli e associati
12SER002,Bambini che hanno usufruito dei servizi comunali per l'infanzia,Totale,Bologna,provincia,2014,32,Valori percentuali,Istat - Indagine sugli interventi e i servizi sociali dei comuni singoli e associati
12SER002,Bambini che hanno usufruito dei servizi comunali per l'infanzia,Totale,Bologna,provincia,2015,32.4,Valori percentuali,Istat - Indagine sugli interventi e i servizi sociali dei comuni singoli e associati
12SER002,Bambini che hanno usufruito dei servizi comunali per l'infanzia,Totale,Bologna,provincia,2016,30.1,Valori percentuali,Istat - Indagine sugli interventi e i servizi sociali dei comuni singoli e associati
12SER002,Bambini che hanno usufruito dei servizi comunali per l'infanzia,Totale,Bologna,provincia,2017,32.2,Valori percentuali,Istat - Indagine sugli interventi e i servizi sociali dei comuni singoli e associati
12SER002,Bambini che hanno usufruito dei servizi comunali per l'infanzia,Totale,Bologna,provincia,2018,33.6,Valori percentuali,Istat - Indagine sugli interventi e i servizi sociali dei comuni singoli e associati
12SER002,Bambini che hanno usufruito dei servizi comunali per l'infanzia,Totale,Bologna,provincia,2019,35.2,Valori percentuali,Istat - Indagine sugli interventi e i servizi sociali dei comuni singoli e associati
12SER002,Bambini che hanno usufruito dei servizi comunali per l'infanzia,Totale,Bologna,provincia,2020,36.3,Valori percentuali,Istat - Indagine sugli interventi e i servizi sociali dei comuni singoli e associati
12SER002,Bambini che hanno usufruito dei servizi comunali per l'infanzia,Totale,Bologna,provincia,2021,39.3,Valori percentuali,Istat - Indagine sugli interventi e i servizi sociali dei comuni singoli e associati
12SER002,Bambini che hanno usufruito dei servizi comunali per l'infanzia,Totale,Bologna,provincia,2022,38.2,Valori percentuali,Istat - Indagine sugli interventi e i servizi sociali dei comuni singoli e associati
12SER002,Bambini che hanno usufruito dei servizi comunali per l'infanzia,Totale,Ferrara,provincia,2004,25.4,Valori percentuali,Istat - Indagine sugli interventi e i servizi sociali dei comuni singoli e associati
12SER002,Bambini che hanno usufruito dei servizi comunali per l'infanzia,Totale,Ferrara,provincia,2005,24.6,Valori percentuali,Istat - Indagine sugli interventi e i servizi sociali dei comuni singoli e associati
12SER002,Bambini che hanno usufruito dei servizi comunali per l'infanzia,Totale,Ferrara,provincia,2006,20.5,Valori percentuali,Istat - Indagine sugli interventi e i servizi sociali dei comuni singoli e associati
12SER002,Bambini che hanno usufruito dei servizi comunali per l'infanzia,Totale,Ferrara,provincia,2007,27.5,Valori percentuali,Istat - Indagine sugli interventi e i servizi sociali dei comuni singoli e associati
12SER002,Bambini che hanno usufruito dei servizi comunali per l'infanzia,Totale,Ferrara,provincia,2008,26.8,Valori percentuali,Istat - Indagine sugli interventi e i servizi sociali dei comuni singoli e associati
12SER002,Bambini che hanno usufruito dei servizi comunali per l'infanzia,Totale,Ferrara,provincia,2009,26.6,Valori percentuali,Istat - Indagine sugli interventi e i servizi sociali dei comuni singoli e associati
12SER002,Bambini che hanno usufruito dei servizi comunali per l'infanzia,Totale,Ferrara,provincia,2010,25.5,Valori percentuali,Istat - Indagine sugli interventi e i servizi sociali dei comuni singoli e associati
12SER002,Bambini che hanno usufruito dei servizi comunali per l'infanzia,Totale,Ferrara,provincia,2011,23.2,Valori percentuali,Istat - Indagine sugli interventi e i servizi sociali dei comuni singoli e associati
12SER002,Bambini che hanno usufruito dei servizi comunali per l'infanzia,Totale,Ferrara,provincia,2012,23.5,Valori percentuali,Istat - Indagine sugli interventi e i servizi sociali dei comuni singoli e associati
12SER002,Bambini che hanno usufruito dei servizi comunali per l'infanzia,Totale,Ferrara,provincia,2013,26.1,Valori percentuali,Istat - Indagine sugli interventi e i servizi sociali dei comuni singoli e associati
12SER002,Bambini che hanno usufruito dei servizi comunali per l'infanzia,Totale,Ferrara,provincia,2014,24.1,Valori percentuali,Istat - Indagine sugli interventi e i servizi sociali dei comuni singoli e associati
12SER002,Bambini che hanno usufruito dei servizi comunali per l'infanzia,Totale,Ferrara,provincia,2015,25.3,Valori percentuali,Istat - Indagine sugli interventi e i servizi sociali dei comuni singoli e associati
12SER002,Bambini che hanno usufruito dei servizi comunali per l'infanzia,Totale,Ferrara,provincia,2016,25.4,Valori percentuali,Istat - Indagine sugli interventi e i servizi sociali dei comuni singoli e associati
12SER002,Bambini che hanno usufruito dei servizi comunali per l'infanzia,Totale,Ferrara,provincia,2017,29.9,Valori percentuali,Istat - Indagine sugli interventi e i servizi sociali dei comuni singoli e associati
12SER002,Bambini che hanno usufruito dei servizi comunali per l'infanzia,Totale,Ferrara,provincia,2018,29,Valori percentuali,Istat - Indagine sugli interventi e i servizi sociali dei comuni singoli e associati
12SER002,Bambini che hanno usufruito dei servizi comunali per l'infanzia,Totale,Ferrara,provincia,2019,29.1,Valori percentuali,Istat - Indagine sugli interventi e i servizi sociali dei comuni singoli e associati
12SER002,Bambini che hanno usufruito dei servizi comunali per l'infanzia,Totale,Ferrara,provincia,2020,27.3,Valori percentuali,Istat - Indagine sugli interventi e i servizi sociali dei comuni singoli e associati
12SER002,Bambini che hanno usufruito dei servizi comunali per l'infanzia,Totale,Ferrara,provincia,2021,33.8,Valori percentuali,Istat - Indagine sugli interventi e i servizi sociali dei comuni singoli e associati
12SER002,Bambini che hanno usufruito dei servizi comunali per l'infanzia,Totale,Ferrara,provincia,2022,30.8,Valori percentuali,Istat - Indagine sugli interventi e i servizi sociali dei comuni singoli e associati
12SER002,Bambini che hanno usufruito dei servizi comunali per l'infanzia,Totale,Ravenna,provincia,2004,25.9,Valori percentuali,Istat - Indagine sugli interventi e i servizi sociali dei comuni singoli e associati
12SER002,Bambini che hanno usufruito dei servizi comunali per l'infanzia,Totale,Ravenna,provincia,2005,27.5,Valori percentuali,Istat - Indagine sugli interventi e i servizi sociali dei comuni singoli e associati
12SER002,Bambini che hanno usufruito dei servizi comunali per l'infanzia,Totale,Ravenna,provincia,2006,25.6,Valori percentuali,Istat - Indagine sugli interventi e i servizi sociali dei comuni singoli e associati
12SER002,Bambini che hanno usufruito dei servizi comunali per l'infanzia,Totale,Ravenna,provincia,2007,29.2,Valori percentuali,Istat - Indagine sugli interventi e i servizi sociali dei comuni singoli e associati
12SER002,Bambini che hanno usufruito dei servizi comunali per l'infanzia,Totale,Ravenna,provincia,2008,26.5,Valori percentuali,Istat - Indagine sugli interventi e i servizi sociali dei comuni singoli e associati
12SER002,Bambini che hanno usufruito dei servizi comunali per l'infanzia,Totale,Ravenna,provincia,2009,34.2,Valori percentuali,Istat - Indagine sugli interventi e i servizi sociali dei comuni singoli e associati
12SER002,Bambini che hanno usufruito dei servizi comunali per l'infanzia,Totale,Ravenna,provincia,2010,33,Valori percentuali,Istat - Indagine sugli interventi e i servizi sociali dei comuni singoli e associati
12SER002,Bambini che hanno usufruito dei servizi comunali per l'infanzia,Totale,Ravenna,provincia,2011,27.8,Valori percentuali,Istat - Indagine sugli interventi e i servizi sociali dei comuni singoli e associati
12SER002,Bambini che hanno usufruito dei servizi comunali per l'infanzia,Totale,Ravenna,provincia,2012,26.5,Valori percentuali,Istat - Indagine sugli interventi e i servizi sociali dei comuni singoli e associati
12SER002,Bambini che hanno usufruito dei servizi comunali per l'infanzia,Totale,Ravenna,provincia,2013,26.6,Valori percentuali,Istat - Indagine sugli interventi e i servizi sociali dei comuni singoli e associati
12SER002,Bambini che hanno usufruito dei servizi comunali per l'infanzia,Totale,Ravenna,provincia,2014,26.3,Valori percentuali,Istat - Indagine sugli interventi e i servizi sociali dei comuni singoli e associati
12SER002,Bambini che hanno usufruito dei servizi comunali per l'infanzia,Totale,Ravenna,provincia,2015,27,Valori percentuali,Istat - Indagine sugli interventi e i servizi sociali dei comuni singoli e associati
12SER002,Bambini che hanno usufruito dei servizi comunali per l'infanzia,Totale,Ravenna,provincia,2016,26.8,Valori percentuali,Istat - Indagine sugli interventi e i servizi sociali dei comuni singoli e associati
12SER002,Bambini che hanno usufruito dei servizi comunali per l'infanzia,Totale,Ravenna,provincia,2017,28.3,Valori percentuali,Istat - Indagine sugli interventi e i servizi sociali dei comuni singoli e associati
12SER002,Bambini che hanno usufruito dei servizi comunali per l'infanzia,Totale,Ravenna,provincia,2018,29.9,Valori percentuali,Istat - Indagine sugli interventi e i servizi sociali dei comuni singoli e associati
12SER002,Bambini che hanno usufruito dei servizi comunali per l'infanzia,Totale,Ravenna,provincia,2019,30.9,Valori percentuali,Istat - Indagine sugli interventi e i servizi sociali dei comuni singoli e associati
12SER002,Bambini che hanno usufruito dei servizi comunali per l'infanzia,Totale,Ravenna,provincia,2020,29.5,Valori percentuali,Istat - Indagine sugli interventi e i servizi sociali dei comuni singoli e associati
12SER002,Bambini che hanno usufruito dei servizi comunali per l'infanzia,Totale,Ravenna,provincia,2021,31.6,Valori percentuali,Istat - Indagine sugli interventi e i servizi sociali dei comuni singoli e associati
12SER002,Bambini che hanno usufruito dei servizi comunali per l'infanzia,Totale,Ravenna,provincia,2022,34.1,Valori percentuali,Istat - Indagine sugli interventi e i servizi sociali dei comuni singoli e associati
12SER002,Bambini che hanno usufruito dei servizi comunali per l'infanzia,Totale,Forlì-Cesena,provincia,2004,20.1,Valori percentuali,Istat - Indagine sugli interventi e i servizi sociali dei comuni singoli e associati
12SER002,Bambini che hanno usufruito dei servizi comunali per l'infanzia,Totale,Forlì-Cesena,provincia,2005,20.1,Valori percentuali,Istat - Indagine sugli interventi e i servizi sociali dei comuni singoli e associati
12SER002,Bambini che hanno usufruito dei servizi comunali per l'infanzia,Totale,Forlì-Cesena,provincia,2006,19,Valori percentuali,Istat - Indagine sugli interventi e i servizi sociali dei comuni singoli e associati
12SER002,Bambini che hanno usufruito dei servizi comunali per l'infanzia,Totale,Forlì-Cesena,provincia,2007,20,Valori percentuali,Istat - Indagine sugli interventi e i servizi sociali dei comuni singoli e associati
12SER002,Bambini che hanno usufruito dei servizi comunali per l'infanzia,Totale,Forlì-Cesena,provincia,2008,24,Valori percentuali,Istat - Indagine sugli interventi e i servizi sociali dei comuni singoli e associati
12SER002,Bambini che hanno usufruito dei servizi comunali per l'infanzia,Totale,Forlì-Cesena,provincia,2009,26.1,Valori percentuali,Istat - Indagine sugli interventi e i servizi sociali dei comuni singoli e associati
12SER002,Bambini che hanno usufruito dei servizi comunali per l'infanzia,Totale,Forlì-Cesena,provincia,2010,25.5,Valori percentuali,Istat - Indagine sugli interventi e i servizi sociali dei comuni singoli e associati
12SER002,Bambini che hanno usufruito dei servizi comunali per l'infanzia,Totale,Forlì-Cesena,provincia,2011,23.7,Valori percentuali,Istat - Indagine sugli interventi e i servizi sociali dei comuni singoli e associati
12SER002,Bambini che hanno usufruito dei servizi comunali per l'infanzia,Totale,Forlì-Cesena,provincia,2012,20.7,Valori percentuali,Istat - Indagine sugli interventi e i servizi sociali dei comuni singoli e associati
12SER002,Bambini che hanno usufruito dei servizi comunali per l'infanzia,Totale,Forlì-Cesena,provincia,2013,19.5,Valori percentuali,Istat - Indagine sugli interventi e i servizi sociali dei comuni singoli e associati
12SER002,Bambini che hanno usufruito dei servizi comunali per l'infanzia,Totale,Forlì-Cesena,provincia,2014,21.9,Valori percentuali,Istat - Indagine sugli interventi e i servizi sociali dei comuni singoli e associati
12SER002,Bambini che hanno usufruito dei servizi comunali per l'infanzia,Totale,Forlì-Cesena,provincia,2015,19.2,Valori percentuali,Istat - Indagine sugli interventi e i servizi sociali dei comuni singoli e associati
12SER002,Bambini che hanno usufruito dei servizi comunali per l'infanzia,Totale,Forlì-Cesena,provincia,2016,21.4,Valori percentuali,Istat - Indagine sugli interventi e i servizi sociali dei comuni singoli e associati
12SER002,Bambini che hanno usufruito dei servizi comunali per l'infanzia,Totale,Forlì-Cesena,provincia,2017,21.4,Valori percentuali,Istat - Indagine sugli interventi e i servizi sociali dei comuni singoli e associati
12SER002,Bambini che hanno usufruito dei servizi comunali per l'infanzia,Totale,Forlì-Cesena,provincia,2018,22.2,Valori percentuali,Istat - Indagine sugli interventi e i servizi sociali dei comuni singoli e associati
12SER002,Bambini che hanno usufruito dei servizi comunali per l'infanzia,Totale,Forlì-Cesena,provincia,2019,24.5,Valori percentuali,Istat - Indagine sugli interventi e i servizi sociali dei comuni singoli e associati
12SER002,Bambini che hanno usufruito dei servizi comunali per l'infanzia,Totale,Forlì-Cesena,provincia,2020,24.9,Valori percentuali,Istat - Indagine sugli interventi e i servizi sociali dei comuni singoli e associati
12SER002,Bambini che hanno usufruito dei servizi comunali per l'infanzia,Totale,Forlì-Cesena,provincia,2021,28.5,Valori percentuali,Istat - Indagine sugli interventi e i servizi sociali dei comuni singoli e associati
12SER002,Bambini che hanno usufruito dei servizi comunali per l'infanzia,Totale,Forlì-Cesena,provincia,2022,31.5,Valori percentuali,Istat - Indagine sugli interventi e i servizi sociali dei comuni singoli e associati
12SER002,Bambini che hanno usufruito dei servizi comunali per l'infanzia,Totale,Rimini,provincia,2004,20.3,Valori percentuali,Istat - Indagine sugli interventi e i servizi sociali dei comuni singoli e associati
12SER002,Bambini che hanno usufruito dei servizi comunali per l'infanzia,Totale,Rimini,provincia,2005,24.8,Valori percentuali,Istat - Indagine sugli interventi e i servizi sociali dei comuni singoli e associati
12SER002,Bambini che hanno usufruito dei servizi comunali per l'infanzia,Totale,Rimini,provincia,2006,19.5,Valori percentuali,Istat - Indagine sugli interventi e i servizi sociali dei comuni singoli e associati
12SER002,Bambini che hanno usufruito dei servizi comunali per l'infanzia,Totale,Rimini,provincia,2007,17.3,Valori percentuali,Istat - Indagine sugli interventi e i servizi sociali dei comuni singoli e associati
12SER002,Bambini che hanno usufruito dei servizi comunali per l'infanzia,Totale,Rimini,provincia,2008,17.8,Valori percentuali,Istat - Indagine sugli interventi e i servizi sociali dei comuni singoli e associati
12SER002,Bambini che hanno usufruito dei servizi comunali per l'infanzia,Totale,Rimini,provincia,2009,18.6,Valori percentuali,Istat - Indagine sugli interventi e i servizi sociali dei comuni singoli e associati
12SER002,Bambini che hanno usufruito dei servizi comunali per l'infanzia,Totale,Rimini,provincia,2010,18.1,Valori percentuali,Istat - Indagine sugli interventi e i servizi sociali dei comuni singoli e associati
12SER002,Bambini che hanno usufruito dei servizi comunali per l'infanzia,Totale,Rimini,provincia,2011,17.1,Valori percentuali,Istat - Indagine sugli interventi e i servizi sociali dei comuni singoli e associati
12SER002,Bambini che hanno usufruito dei servizi comunali per l'infanzia,Totale,Rimini,provincia,2012,18.4,Valori percentuali,Istat - Indagine sugli interventi e i servizi sociali dei comuni singoli e associati
12SER002,Bambini che hanno usufruito dei servizi comunali per l'infanzia,Totale,Rimini,provincia,2013,18.8,Valori percentuali,Istat - Indagine sugli interventi e i servizi sociali dei comuni singoli e associati
12SER002,Bambini che hanno usufruito dei servizi comunali per l'infanzia,Totale,Rimini,provincia,2014,18.7,Valori percentuali,Istat - Indagine sugli interventi e i servizi sociali dei comuni singoli e associati
12SER002,Bambini che hanno usufruito dei servizi comunali per l'infanzia,Totale,Rimini,provincia,2015,17.8,Valori percentuali,Istat - Indagine sugli interventi e i servizi sociali dei comuni singoli e associati
12SER002,Bambini che hanno usufruito dei servizi comunali per l'infanzia,Totale,Rimini,provincia,2016,17.2,Valori percentuali,Istat - Indagine sugli interventi e i servizi sociali dei comuni singoli e associati
12SER002,Bambini che hanno usufruito dei servizi comunali per l'infanzia,Totale,Rimini,provincia,2017,17.7,Valori percentuali,Istat - Indagine sugli interventi e i servizi sociali dei comuni singoli e associati
12SER002,Bambini che hanno usufruito dei servizi comunali per l'infanzia,Totale,Rimini,provincia,2018,18.5,Valori percentuali,Istat - Indagine sugli interventi e i servizi sociali dei comuni singoli e associati
12SER002,Bambini che hanno usufruito dei servizi comunali per l'infanzia,Totale,Rimini,provincia,2019,19,Valori percentuali,Istat - Indagine sugli interventi e i servizi sociali dei comuni singoli e associati
12SER002,Bambini che hanno usufruito dei servizi comunali per l'infanzia,Totale,Rimini,provincia,2020,21.5,Valori percentuali,Istat - Indagine sugli interventi e i servizi sociali dei comuni singoli e associati
12SER002,Bambini che hanno usufruito dei servizi comunali per l'infanzia,Totale,Rimini,provincia,2021,24,Valori percentuali,Istat - Indagine sugli interventi e i servizi sociali dei comuni singoli e associati
12SER002,Bambini che hanno usufruito dei servizi comunali per l'infanzia,Totale,Rimini,provincia,2022,27.2,Valori percentuali,Istat - Indagine sugli interventi e i servizi sociali dei comuni singoli e associati
12SER002,Bambini che hanno usufruito dei servizi comunali per l'infanzia,Totale,Nord-est,ripartizione,2004,16.8,Valori percentuali,Istat - Indagine sugli interventi e i servizi sociali dei comuni singoli e associati
12SER002,Bambini che hanno usufruito dei servizi comunali per l'infanzia,Totale,Nord-est,ripartizione,2005,17.2,Valori percentuali,Istat - Indagine sugli interventi e i servizi sociali dei comuni singoli e associati
12SER002,Bambini che hanno usufruito dei servizi comunali per l'infanzia,Totale,Nord-est,ripartizione,2006,18.1,Valori percentuali,Istat - Indagine sugli interventi e i servizi sociali dei comuni singoli e associati
12SER002,Bambini che hanno usufruito dei servizi comunali per l'infanzia,Totale,Nord-est,ripartizione,2007,18.2,Valori percentuali,Istat - Indagine sugli interventi e i servizi sociali dei comuni singoli e associati
12SER002,Bambini che hanno usufruito dei servizi comunali per l'infanzia,Totale,Nord-est,ripartizione,2008,18.5,Valori percentuali,Istat - Indagine sugli interventi e i servizi sociali dei comuni singoli e associati
12SER002,Bambini che hanno usufruito dei servizi comunali per l'infanzia,Totale,Nord-est,ripartizione,2009,19.8,Valori percentuali,Istat - Indagine sugli interventi e i servizi sociali dei comuni singoli e associati
12SER002,Bambini che hanno usufruito dei servizi comunali per l'infanzia,Totale,Nord-est,ripartizione,2010,20.3,Valori percentuali,Istat - Indagine sugli interventi e i servizi sociali dei comuni singoli e associati
12SER002,Bambini che hanno usufruito dei servizi comunali per l'infanzia,Totale,Nord-est,ripartizione,2011,19.4,Valori percentuali,Istat - Indagine sugli interventi e i servizi sociali dei comuni singoli e associati
12SER002,Bambini che hanno usufruito dei servizi comunali per l'infanzia,Totale,Nord-est,ripartizione,2012,17.9,Valori percentuali,Istat - Indagine sugli interventi e i servizi sociali dei comuni singoli e associati
12SER002,Bambini che hanno usufruito dei servizi comunali per l'infanzia,Totale,Nord-est,ripartizione,2013,18.4,Valori percentuali,Istat - Indagine sugli interventi e i servizi sociali dei comuni singoli e associati
12SER002,Bambini che hanno usufruito dei servizi comunali per l'infanzia,Totale,Nord-est,ripartizione,2014,18,Valori percentuali,Istat - Indagine sugli interventi e i servizi sociali dei comuni singoli e associati
12SER002,Bambini che hanno usufruito dei servizi comunali per l'infanzia,Totale,Nord-est,ripartizione,2015,17.9,Valori percentuali,Istat - Indagine sugli interventi e i servizi sociali dei comuni singoli e associati
12SER002,Bambini che hanno usufruito dei servizi comunali per l'infanzia,Totale,Nord-est,ripartizione,2016,18.4,Valori percentuali,Istat - Indagine sugli interventi e i servizi sociali dei comuni singoli e associati
12SER002,Bambini che hanno usufruito dei servizi comunali per l'infanzia,Totale,Nord-est,ripartizione,2017,19.6,Valori percentuali,Istat - Indagine sugli interventi e i servizi sociali dei comuni singoli e associati
12SER002,Bambini che hanno usufruito dei servizi comunali per l'infanzia,Totale,Nord-est,ripartizione,2018,20.5,Valori percentuali,Istat - Indagine sugli interventi e i servizi sociali dei comuni singoli e associati
12SER002,Bambini che hanno usufruito dei servizi comunali per l'infanzia,Totale,Nord-est,ripartizione,2019,21.2,Valori percentuali,Istat - Indagine sugli interventi e i servizi sociali dei comuni singoli e associati
12SER002,Bambini che hanno usufruito dei servizi comunali per l'infanzia,Totale,Nord-est,ripartizione,2020,20.8,Valori percentuali,Istat - Indagine sugli interventi e i servizi sociali dei comuni singoli e associati
12SER002,Bambini che hanno usufruito dei servizi comunali per l'infanzia,Totale,Nord-est,ripartizione,2021,22.9,Valori percentuali,Istat - Indagine sugli interventi e i servizi sociali dei comuni singoli e associati
12SER002,Bambini che hanno usufruito dei servizi comunali per l'infanzia,Totale,Nord-est,ripartizione,2022,24.2,Valori percentuali,Istat - Indagine sugli interventi e i servizi sociali dei comuni singoli e associati
12SER002,Bambini che hanno usufruito dei servizi comunali per l'infanzia,Totale,Italia,italia,2004,11.4,Valori percentuali,Istat - Indagine sugli interventi e i servizi sociali dei comuni singoli e associati
12SER002,Bambini che hanno usufruito dei servizi comunali per l'infanzia,Totale,Italia,italia,2005,11.2,Valori percentuali,Istat - Indagine sugli interventi e i servizi sociali dei comuni singoli e associati
12SER002,Bambini che hanno usufruito dei servizi comunali per l'infanzia,Totale,Italia,italia,2006,11.7,Valori percentuali,Istat - Indagine sugli interventi e i servizi sociali dei comuni singoli e associati
12SER002,Bambini che hanno usufruito dei servizi comunali per l'infanzia,Totale,Italia,italia,2007,12,Valori percentuali,Istat - Indagine sugli interventi e i servizi sociali dei comuni singoli e associati
12SER002,Bambini che hanno usufruito dei servizi comunali per l'infanzia,Totale,Italia,italia,2008,12.7,Valori percentuali,Istat - Indagine sugli interventi e i servizi sociali dei comuni singoli e associati
12SER002,Bambini che hanno usufruito dei servizi comunali per l'infanzia,Totale,Italia,italia,2009,13.6,Valori percentuali,Istat - Indagine sugli interventi e i servizi sociali dei comuni singoli e associati
12SER002,Bambini che hanno usufruito dei servizi comunali per l'infanzia,Totale,Italia,italia,2010,14,Valori percentuali,Istat - Indagine sugli interventi e i servizi sociali dei comuni singoli e associati
12SER002,Bambini che hanno usufruito dei servizi comunali per l'infanzia,Totale,Italia,italia,2011,13.6,Valori percentuali,Istat - Indagine sugli interventi e i servizi sociali dei comuni singoli e associati
12SER002,Bambini che hanno usufruito dei servizi comunali per l'infanzia,Totale,Italia,italia,2012,13,Valori percentuali,Istat - Indagine sugli interventi e i servizi sociali dei comuni singoli e associati
12SER002,Bambini che hanno usufruito dei servizi comunali per l'infanzia,Totale,Italia,italia,2013,12.9,Valori percentuali,Istat - Indagine sugli interventi e i servizi sociali dei comuni singoli e associati
12SER002,Bambini che hanno usufruito dei servizi comunali per l'infanzia,Totale,Italia,italia,2014,12.6,Valori percentuali,Istat - Indagine sugli interventi e i servizi sociali dei comuni singoli e associati
12SER002,Bambini che hanno usufruito dei servizi comunali per l'infanzia,Totale,Italia,italia,2015,12.6,Valori percentuali,Istat - Indagine sugli interventi e i servizi sociali dei comuni singoli e associati
12SER002,Bambini che hanno usufruito dei servizi comunali per l'infanzia,Totale,Italia,italia,2016,13,Valori percentuali,Istat - Indagine sugli interventi e i servizi sociali dei comuni singoli e associati
12SER002,Bambini che hanno usufruito dei servizi comunali per l'infanzia,Totale,Italia,italia,2017,13.5,Valori percentuali,Istat - Indagine sugli interventi e i servizi sociali dei comuni singoli e associati
12SER002,Bambini che hanno usufruito dei servizi comunali per l'infanzia,Totale,Italia,italia,2018,14.1,Valori percentuali,Istat - Indagine sugli interventi e i servizi sociali dei comuni singoli e associati
12SER002,Bambini che hanno usufruito dei servizi comunali per l'infanzia,Totale,Italia,italia,2019,14.7,Valori percentuali,Istat - Indagine sugli interventi e i servizi sociali dei comuni singoli e associati
12SER002,Bambini che hanno usufruito dei servizi comunali per l'infanzia,Totale,Italia,italia,2020,13.7,Valori percentuali,Istat - Indagine sugli interventi e i servizi sociali dei comuni singoli e associati
12SER002,Bambini che hanno usufruito dei servizi comunali per l'infanzia,Totale,Italia,italia,2021,15.2,Valori percentuali,Istat - Indagine sugli interventi e i servizi sociali dei comuni singoli e associati
12SER002,Bambini che hanno usufruito dei servizi comunali per l'infanzia,Totale,Italia,italia,2022,16.8,Valori percentuali,Istat - Indagine sugli interventi e i servizi sociali dei comuni singoli e associati
